/*
Navicat SQL Server Data Transfer

Source Server         : sqlserver
Source Server Version : 105000
Source Host           : 103.46.128.47,48632:1433
Source Database       : lenos
Source Schema         : dbo

Target Server Type    : SQL Server
Target Server Version : 105000
File Encoding         : 65001

Date: 2018-06-12 22:46:39
*/


-- ----------------------------
-- Table structure for act_assignee
-- ----------------------------
DROP TABLE [dbo].[act_assignee]
GO
CREATE TABLE [dbo].[act_assignee] (
[id] nvarchar(32) NOT NULL ,
[sid] nvarchar(32) NOT NULL ,
[assignee] nvarchar(64) NULL ,
[role_id] nvarchar(32) NULL ,
[assignee_type] int NOT NULL ,
[activti_name] nvarchar(128) NULL 
)


GO
IF ((SELECT COUNT(*) from fn_listextendedproperty('MS_Description', 
'SCHEMA', N'dbo', 
'TABLE', N'act_assignee', 
'COLUMN', N'sid')) > 0) 
EXEC sp_updateextendedproperty @name = N'MS_Description', @value = N'节点id'
, @level0type = 'SCHEMA', @level0name = N'dbo'
, @level1type = 'TABLE', @level1name = N'act_assignee'
, @level2type = 'COLUMN', @level2name = N'sid'
ELSE
EXEC sp_addextendedproperty @name = N'MS_Description', @value = N'节点id'
, @level0type = 'SCHEMA', @level0name = N'dbo'
, @level1type = 'TABLE', @level1name = N'act_assignee'
, @level2type = 'COLUMN', @level2name = N'sid'
GO
IF ((SELECT COUNT(*) from fn_listextendedproperty('MS_Description', 
'SCHEMA', N'dbo', 
'TABLE', N'act_assignee', 
'COLUMN', N'assignee')) > 0) 
EXEC sp_updateextendedproperty @name = N'MS_Description', @value = N'办理人'
, @level0type = 'SCHEMA', @level0name = N'dbo'
, @level1type = 'TABLE', @level1name = N'act_assignee'
, @level2type = 'COLUMN', @level2name = N'assignee'
ELSE
EXEC sp_addextendedproperty @name = N'MS_Description', @value = N'办理人'
, @level0type = 'SCHEMA', @level0name = N'dbo'
, @level1type = 'TABLE', @level1name = N'act_assignee'
, @level2type = 'COLUMN', @level2name = N'assignee'
GO
IF ((SELECT COUNT(*) from fn_listextendedproperty('MS_Description', 
'SCHEMA', N'dbo', 
'TABLE', N'act_assignee', 
'COLUMN', N'role_id')) > 0) 
EXEC sp_updateextendedproperty @name = N'MS_Description', @value = N'候选组(角色)'
, @level0type = 'SCHEMA', @level0name = N'dbo'
, @level1type = 'TABLE', @level1name = N'act_assignee'
, @level2type = 'COLUMN', @level2name = N'role_id'
ELSE
EXEC sp_addextendedproperty @name = N'MS_Description', @value = N'候选组(角色)'
, @level0type = 'SCHEMA', @level0name = N'dbo'
, @level1type = 'TABLE', @level1name = N'act_assignee'
, @level2type = 'COLUMN', @level2name = N'role_id'
GO
IF ((SELECT COUNT(*) from fn_listextendedproperty('MS_Description', 
'SCHEMA', N'dbo', 
'TABLE', N'act_assignee', 
'COLUMN', N'assignee_type')) > 0) 
EXEC sp_updateextendedproperty @name = N'MS_Description', @value = N'办理人类型1办理人2候选人3组'
, @level0type = 'SCHEMA', @level0name = N'dbo'
, @level1type = 'TABLE', @level1name = N'act_assignee'
, @level2type = 'COLUMN', @level2name = N'assignee_type'
ELSE
EXEC sp_addextendedproperty @name = N'MS_Description', @value = N'办理人类型1办理人2候选人3组'
, @level0type = 'SCHEMA', @level0name = N'dbo'
, @level1type = 'TABLE', @level1name = N'act_assignee'
, @level2type = 'COLUMN', @level2name = N'assignee_type'
GO
IF ((SELECT COUNT(*) from fn_listextendedproperty('MS_Description', 
'SCHEMA', N'dbo', 
'TABLE', N'act_assignee', 
'COLUMN', N'activti_name')) > 0) 
EXEC sp_updateextendedproperty @name = N'MS_Description', @value = N'节点名称'
, @level0type = 'SCHEMA', @level0name = N'dbo'
, @level1type = 'TABLE', @level1name = N'act_assignee'
, @level2type = 'COLUMN', @level2name = N'activti_name'
ELSE
EXEC sp_addextendedproperty @name = N'MS_Description', @value = N'节点名称'
, @level0type = 'SCHEMA', @level0name = N'dbo'
, @level1type = 'TABLE', @level1name = N'act_assignee'
, @level2type = 'COLUMN', @level2name = N'activti_name'
GO

-- ----------------------------
-- Records of act_assignee
-- ----------------------------
INSERT INTO [dbo].[act_assignee] ([id], [sid], [assignee], [role_id], [assignee_type], [activti_name]) VALUES (N'2722f634457711e8bcf1309c2315f9aa', N'user1', null, N'0ea934e5e55411e7b983201a068c6482', N'3', N'经理审批')
GO
GO
INSERT INTO [dbo].[act_assignee] ([id], [sid], [assignee], [role_id], [assignee_type], [activti_name]) VALUES (N'27234357457711e8bcf1309c2315f9aa', N'user2', null, N'023366f3457511e8bcf1309c2315f9aa', N'3', N'人事审批')
GO
GO

-- ----------------------------
-- Table structure for act_evt_log
-- ----------------------------
DROP TABLE [dbo].[act_evt_log]
GO
CREATE TABLE [dbo].[act_evt_log] (
[LOG_NR_] bigint NOT NULL ,
[TYPE_] nvarchar(64) NULL ,
[PROC_DEF_ID_] nvarchar(64) NULL ,
[PROC_INST_ID_] nvarchar(64) NULL ,
[EXECUTION_ID_] nvarchar(64) NULL ,
[TASK_ID_] nvarchar(64) NULL ,
[TIME_STAMP_] datetime2(3) NOT NULL ,
[USER_ID_] nvarchar(255) NULL ,
[DATA_] varbinary(MAX) NULL ,
[LOCK_OWNER_] nvarchar(255) NULL ,
[LOCK_TIME_] datetime2(3) NULL ,
[IS_PROCESSED_] tinyint NULL 
)


GO

-- ----------------------------
-- Records of act_evt_log
-- ----------------------------

-- ----------------------------
-- Table structure for act_ge_bytearray
-- ----------------------------
DROP TABLE [dbo].[act_ge_bytearray]
GO
CREATE TABLE [dbo].[act_ge_bytearray] (
[ID_] nvarchar(64) NOT NULL ,
[REV_] int NULL ,
[NAME_] nvarchar(255) NULL ,
[DEPLOYMENT_ID_] nvarchar(64) NULL ,
[BYTES_] varbinary(MAX) NULL ,
[GENERATED_] tinyint NULL 
)


GO

-- ----------------------------
-- Records of act_ge_bytearray
-- ----------------------------
INSERT INTO [dbo].[act_ge_bytearray] ([ID_], [REV_], [NAME_], [DEPLOYMENT_ID_], [BYTES_], [GENERATED_]) VALUES (N'142518', N'7', N'source', null, 0x7B227265736F757263654964223A22313432353137222C2270726F70657274696573223A7B2270726F636573735F6964223A2270726F636573735F6C65617665222C226E616D65223A22E8AFB7E58187E6B581E7A88B222C22646F63756D656E746174696F6E223A22222C2270726F636573735F617574686F72223A22222C2270726F636573735F76657273696F6E223A22222C2270726F636573735F6E616D657370616365223A22687474703A2F2F7777772E61637469766974692E6F72672F70726F63657373646566222C22657865637574696F6E6C697374656E657273223A22222C226576656E746C697374656E657273223A22222C227369676E616C646566696E6974696F6E73223A22222C226D657373616765646566696E6974696F6E73223A22222C22636F6E646974696F6E73657175656E6365666C6F77223A22247B666C61673D3D747275657D227D2C227374656E63696C223A7B226964223A2242504D4E4469616772616D227D2C226368696C64536861706573223A5B7B227265736F757263654964223A227369642D41343530344644322D303230342D343246352D393036312D344134323938324442343938222C2270726F70657274696573223A7B226F766572726964656964223A227374617274222C226E616D65223A227374617274222C22646F63756D656E746174696F6E223A22222C22657865637574696F6E6C697374656E657273223A22222C22696E69746961746F72223A22222C22666F726D6B6579646566696E6974696F6E223A22222C22666F726D70726F70657274696573223A22227D2C227374656E63696C223A7B226964223A2253746172744E6F6E654576656E74227D2C226368696C64536861706573223A5B5D2C226F7574676F696E67223A5B7B227265736F757263654964223A227369642D30443235384332342D314631392D343233332D413937362D413044384342394441454143227D5D2C22626F756E6473223A7B226C6F7765725269676874223A7B2278223A37352C2279223A38342E39393939393733353039303436347D2C2275707065724C656674223A7B2278223A34352E30303030303030303030303030312C2279223A35342E39393939393733353039303436337D7D2C22646F636B657273223A5B5D7D2C7B227265736F757263654964223A227369642D34363841393635452D393339422D343733312D413232392D353137384436413042423834222C2270726F70657274696573223A7B226F766572726964656964223A227573657231222C226E616D65223A22E7BB8FE79086E5AEA1E689B9222C22646F63756D656E746174696F6E223A22222C226173796E6368726F6E6F7573646566696E6974696F6E223A2266616C7365222C226578636C7573697665646566696E6974696F6E223A2266616C7365222C22657865637574696F6E6C697374656E657273223A22222C226D756C7469696E7374616E63655F74797065223A224E6F6E65222C226D756C7469696E7374616E63655F63617264696E616C697479223A22222C226D756C7469696E7374616E63655F636F6C6C656374696F6E223A22222C226D756C7469696E7374616E63655F7661726961626C65223A22222C226D756C7469696E7374616E63655F636F6E646974696F6E223A22222C226973666F72636F6D70656E736174696F6E223A2266616C7365222C22757365727461736B61737369676E6D656E74223A22222C22666F726D6B6579646566696E6974696F6E223A22222C2264756564617465646566696E6974696F6E223A22222C227072696F72697479646566696E6974696F6E223A22222C22666F726D70726F70657274696573223A22222C227461736B6C697374656E657273223A7B227461736B4C697374656E657273223A5B7B226576656E74223A22637265617465222C22696D706C656D656E746174696F6E223A22636F6D2E6C656E2E6163746C697374656E65722E4163744E6F64654C697374656E6572222C22636C6173734E616D65223A22636F6D2E6C656E2E6163746C697374656E65722E4163744E6F64654C697374656E6572222C2265787072657373696F6E223A22222C2264656C656761746545787072657373696F6E223A22227D5D7D7D2C227374656E63696C223A7B226964223A22557365725461736B227D2C226368696C64536861706573223A5B5D2C226F7574676F696E67223A5B7B227265736F757263654964223A227369642D35343537313339312D463242332D344342342D383041302D303932444130323737334137227D5D2C22626F756E6473223A7B226C6F7765725269676874223A7B2278223A3235302C2279223A3130392E39393939393733353039303436347D2C2275707065724C656674223A7B2278223A3135302E30303030303030303030303030332C2279223A32392E39393939393733353039303436347D7D2C22646F636B657273223A5B5D7D2C7B227265736F757263654964223A227369642D30443235384332342D314631392D343233332D413937362D413044384342394441454143222C2270726F70657274696573223A7B226F766572726964656964223A22222C226E616D65223A22222C22646F63756D656E746174696F6E223A22222C22636F6E646974696F6E73657175656E6365666C6F77223A22222C22657865637574696F6E6C697374656E657273223A22222C2264656661756C74666C6F77223A2266616C7365227D2C227374656E63696C223A7B226964223A2253657175656E6365466C6F77227D2C226368696C64536861706573223A5B5D2C226F7574676F696E67223A5B7B227265736F757263654964223A227369642D34363841393635452D393339422D343733312D413232392D353137384436413042423834227D5D2C22626F756E6473223A7B226C6F7765725269676874223A7B2278223A3134392E37383132352C2279223A36392E39393939393733353039303436347D2C2275707065724C656674223A7B2278223A37352E32313837352C2279223A36392E39393939393733353039303436347D7D2C22646F636B657273223A5B7B2278223A31342E3939393939393939393939393939362C2279223A31357D2C7B2278223A34392E3939393939393939393939393938362C2279223A34307D5D2C22746172676574223A7B227265736F757263654964223A227369642D34363841393635452D393339422D343733312D413232392D353137384436413042423834227D7D2C7B227265736F757263654964223A227369642D37363845453443392D333233432D343744422D423438302D344230323746333136433835222C2270726F70657274696573223A7B226F766572726964656964223A227573657232222C226E616D65223A22E4BABAE4BA8BE5AEA1E689B9222C22646F63756D656E746174696F6E223A22222C226173796E6368726F6E6F7573646566696E6974696F6E223A2266616C7365222C226578636C7573697665646566696E6974696F6E223A2266616C7365222C22657865637574696F6E6C697374656E657273223A22222C226D756C7469696E7374616E63655F74797065223A224E6F6E65222C226D756C7469696E7374616E63655F63617264696E616C697479223A22222C226D756C7469696E7374616E63655F636F6C6C656374696F6E223A22222C226D756C7469696E7374616E63655F7661726961626C65223A22222C226D756C7469696E7374616E63655F636F6E646974696F6E223A22222C226973666F72636F6D70656E736174696F6E223A2266616C7365222C22757365727461736B61737369676E6D656E74223A22222C22666F726D6B6579646566696E6974696F6E223A22222C2264756564617465646566696E6974696F6E223A22222C227072696F72697479646566696E6974696F6E223A22222C22666F726D70726F70657274696573223A22222C227461736B6C697374656E657273223A7B227461736B4C697374656E657273223A5B7B226576656E74223A22637265617465222C22696D706C656D656E746174696F6E223A22636F6D2E6C656E2E6163746C697374656E65722E4163744E6F64654C697374656E6572222C22636C6173734E616D65223A22636F6D2E6C656E2E6163746C697374656E65722E4163744E6F64654C697374656E6572222C2265787072657373696F6E223A22222C2264656C656761746545787072657373696F6E223A22227D5D7D7D2C227374656E63696C223A7B226964223A22557365725461736B227D2C226368696C64536861706573223A5B5D2C226F7574676F696E67223A5B7B227265736F757263654964223A227369642D33334642463234452D464537302D343730412D394442352D394231383831453133383437227D5D2C22626F756E6473223A7B226C6F7765725269676874223A7B2278223A3535342E353435343431333138323233312C2279223A3130392E39393939393634353638333530367D2C2275707065724C656674223A7B2278223A3435342E353435343431333138323233322C2279223A32392E3939393939363435363833353036337D7D2C22646F636B657273223A5B5D7D2C7B227265736F757263654964223A227369642D35353636443037362D414234432D344134322D393938462D323533373738394638313831222C2270726F70657274696573223A7B226F766572726964656964223A22222C226E616D65223A22222C22646F63756D656E746174696F6E223A22222C226173796E6368726F6E6F7573646566696E6974696F6E223A2266616C7365222C226578636C7573697665646566696E6974696F6E223A2266616C7365222C2273657175656E6365666C6F776F72646572223A22227D2C227374656E63696C223A7B226964223A224578636C757369766547617465776179227D2C226368696C64536861706573223A5B5D2C226F7574676F696E67223A5B7B227265736F757263654964223A227369642D46423539344242452D383030352D344544432D423343382D393738314544323236433935227D2C7B227265736F757263654964223A227369642D34373638373538312D333535422D343335342D383433432D433330343233333238364146227D5D2C22626F756E6473223A7B226C6F7765725269676874223A7B2278223A3730302E303030303030303030303030312C2279223A38392E39393939393733353039303436347D2C2275707065724C656674223A7B2278223A3636302E303030303030303030303030312C2279223A34392E39393939393733353039303436347D7D2C22646F636B657273223A5B5D7D2C7B227265736F757263654964223A227369642D33334642463234452D464537302D343730412D394442352D394231383831453133383437222C2270726F70657274696573223A7B226F766572726964656964223A22222C226E616D65223A22222C22646F63756D656E746174696F6E223A22222C22636F6E646974696F6E73657175656E6365666C6F77223A22222C22657865637574696F6E6C697374656E657273223A22222C2264656661756C74666C6F77223A2266616C7365227D2C227374656E63696C223A7B226964223A2253657175656E6365466C6F77227D2C226368696C64536861706573223A5B5D2C226F7574676F696E67223A5B7B227265736F757263654964223A227369642D35353636443037362D414234432D344134322D393938462D323533373738394638313831227D5D2C22626F756E6473223A7B226C6F7765725269676874223A7B2278223A3635392E353637363531363836373836382C2279223A37302E343430353134393838323432347D2C2275707065724C656674223A7B2278223A3535352E303332363536393130303136322C2279223A37302E31343334363333343436373330357D7D2C22646F636B657273223A5B7B2278223A34392E39393939393939393939393939342C2279223A34307D2C7B2278223A32302E352C2279223A32302E3439393939393939393939393939367D5D2C22746172676574223A7B227265736F757263654964223A227369642D35353636443037362D414234432D344134322D393938462D323533373738394638313831227D7D2C7B227265736F757263654964223A227369642D42453337324431342D463530392D344544422D383745382D374232313037383335414535222C2270726F70657274696573223A7B226F766572726964656964223A22222C226E616D65223A22222C22646F63756D656E746174696F6E223A22222C226173796E6368726F6E6F7573646566696E6974696F6E223A2266616C7365222C226578636C7573697665646566696E6974696F6E223A2266616C7365222C2273657175656E6365666C6F776F72646572223A22227D2C227374656E63696C223A7B226964223A224578636C757369766547617465776179227D2C226368696C64536861706573223A5B5D2C226F7574676F696E67223A5B7B227265736F757263654964223A227369642D41453541454438342D303734362D343738372D393836462D364137393237433334433334227D2C7B227265736F757263654964223A227369642D35313046453036322D433042432D343643382D394231372D384133383037324132424336227D5D2C22626F756E6473223A7B226C6F7765725269676874223A7B2278223A3335352E303030303030303030303030312C2279223A38392E39393939393733353039303436347D2C2275707065724C656674223A7B2278223A3331352E303030303030303030303030312C2279223A34392E39393939393733353039303436347D7D2C22646F636B657273223A5B5D7D2C7B227265736F757263654964223A227369642D42324633433135342D434432322D343230412D424538422D363836444534373531423731222C2270726F70657274696573223A7B226F766572726964656964223A2275736572222C226E616D65223A22E8B083E695B4222C22646F63756D656E746174696F6E223A22222C226173796E6368726F6E6F7573646566696E6974696F6E223A2266616C7365222C226578636C7573697665646566696E6974696F6E223A2266616C7365222C22657865637574696F6E6C697374656E657273223A22222C226D756C7469696E7374616E63655F74797065223A224E6F6E65222C226D756C7469696E7374616E63655F63617264696E616C697479223A22222C226D756C7469696E7374616E63655F636F6C6C656374696F6E223A22222C226D756C7469696E7374616E63655F7661726961626C65223A22222C226D756C7469696E7374616E63655F636F6E646974696F6E223A22222C226973666F72636F6D70656E736174696F6E223A2266616C7365222C22757365727461736B61737369676E6D656E74223A22222C22666F726D6B6579646566696E6974696F6E223A22222C2264756564617465646566696E6974696F6E223A22222C227072696F72697479646566696E6974696F6E223A22222C22666F726D70726F70657274696573223A22222C227461736B6C697374656E657273223A7B227461736B4C697374656E657273223A5B7B226576656E74223A22637265617465222C22696D706C656D656E746174696F6E223A22636F6D2E6C656E2E6163746C697374656E65722E4C656176654C697374656E6572496D706C222C22636C6173734E616D65223A22636F6D2E6C656E2E6163746C697374656E65722E4C656176654C697374656E6572496D706C222C2265787072657373696F6E223A22222C2264656C656761746545787072657373696F6E223A22227D5D7D7D2C227374656E63696C223A7B226964223A22557365725461736B227D2C226368696C64536861706573223A5B5D2C226F7574676F696E67223A5B7B227265736F757263654964223A227369642D39394343413337462D413233352D343835332D383437322D444532333341443245443332227D2C7B227265736F757263654964223A227369642D30344339463239412D304242352D343639312D383034432D373634453445304132373136227D5D2C22626F756E6473223A7B226C6F7765725269676874223A7B2278223A3338352E303030303030303030303030332C2279223A3237357D2C2275707065724C656674223A7B2278223A3238352E30303030303030303030303030362C2279223A3139352E30303030303030303030303030337D7D2C22646F636B657273223A5B5D7D2C7B227265736F757263654964223A227369642D46313234303339432D394237422D344134382D384531332D413635353335384246443345222C2270726F70657274696573223A7B226F766572726964656964223A22656E64222C226E616D65223A22656E64222C22646F63756D656E746174696F6E223A22222C22657865637574696F6E6C697374656E657273223A22227D2C227374656E63696C223A7B226964223A22456E644E6F6E654576656E74227D2C226368696C64536861706573223A5B5D2C226F7574676F696E67223A5B5D2C22626F756E6473223A7B226C6F7765725269676874223A7B2278223A3835332E303030303030303030303030322C2279223A38332E39393939393733353039303436347D2C2275707065724C656674223A7B2278223A3832352E303030303030303030303030322C2279223A35352E39393939393733353039303436347D7D2C22646F636B657273223A5B5D7D2C7B227265736F757263654964223A227369642D35343537313339312D463242332D344342342D383041302D303932444130323737334137222C2270726F70657274696573223A7B226F766572726964656964223A22222C226E616D65223A22222C22646F63756D656E746174696F6E223A22222C22636F6E646974696F6E73657175656E6365666C6F77223A22222C22657865637574696F6E6C697374656E657273223A22222C2264656661756C74666C6F77223A2266616C7365227D2C227374656E63696C223A7B226964223A2253657175656E6365466C6F77227D2C226368696C64536861706573223A5B5D2C226F7574676F696E67223A5B7B227265736F757263654964223A227369642D42453337324431342D463530392D344544422D383745382D374232313037383335414535227D5D2C22626F756E6473223A7B226C6F7765725269676874223A7B2278223A3331342E333836373235353538313136372C2279223A37302E34323230383835383931323634377D2C2275707065724C656674223A7B2278223A3235302E37353338393934343138383334322C2279223A37302E313837323831313132363832387D7D2C22646F636B657273223A5B7B2278223A34392E39393939393939393939393939392C2279223A34307D2C7B2278223A32302E352C2279223A32302E3439393939393939393939393939367D5D2C22746172676574223A7B227265736F757263654964223A227369642D42453337324431342D463530392D344544422D383745382D374232313037383335414535227D7D2C7B227265736F757263654964223A227369642D41453541454438342D303734362D343738372D393836462D364137393237433334433334222C2270726F70657274696573223A7B226F766572726964656964223A22222C226E616D65223A22E5908CE6848F222C22646F63756D656E746174696F6E223A22222C22636F6E646974696F6E73657175656E6365666C6F77223A22247B666C61673D3D747275657D222C22657865637574696F6E6C697374656E657273223A22222C2264656661756C74666C6F77223A2266616C7365227D2C227374656E63696C223A7B226964223A2253657175656E6365466C6F77227D2C226368696C64536861706573223A5B5D2C226F7574676F696E67223A5B7B227265736F757263654964223A227369642D37363845453443392D333233432D343744422D423438302D344230323746333136433835227D5D2C22626F756E6473223A7B226C6F7765725269676874223A7B2278223A3435342E303230343134303536323536372C2279223A37302E34343233353139373631383238337D2C2275707065724C656674223A7B2278223A3335342E3938393334303736393934392C2279223A37302E31343934333838373037303234377D7D2C22646F636B657273223A5B7B2278223A32302E352C2279223A32302E3439393939393939393939393939367D2C7B2278223A34392E39393939393939393939393939342C2279223A34307D5D2C22746172676574223A7B227265736F757263654964223A227369642D37363845453443392D333233432D343744422D423438302D344230323746333136433835227D7D2C7B227265736F757263654964223A227369642D34373638373538312D333535422D343335342D383433432D433330343233333238364146222C2270726F70657274696573223A7B226F766572726964656964223A22222C226E616D65223A22E5908CE6848F222C22646F63756D656E746174696F6E223A22222C22636F6E646974696F6E73657175656E6365666C6F77223A22247B666C61673D3D747275657D222C22657865637574696F6E6C697374656E657273223A22222C2264656661756C74666C6F77223A2266616C7365227D2C227374656E63696C223A7B226964223A2253657175656E6365466C6F77227D2C226368696C64536861706573223A5B5D2C226F7574676F696E67223A5B7B227265736F757263654964223A227369642D46313234303339432D394237422D344134382D384531332D413635353335384246443345227D5D2C22626F756E6473223A7B226C6F7765725269676874223A7B2278223A3832342E333738393131323235363332312C2279223A37302E34333832343930343234363831347D2C2275707065724C656674223A7B2278223A3730302E303734323133373734333638332C2279223A37302E30343631323036353933343131337D7D2C22646F636B657273223A5B7B2278223A32302E352C2279223A32302E357D2C7B2278223A31342C2279223A31332E3939393939393939393939393939367D5D2C22746172676574223A7B227265736F757263654964223A227369642D46313234303339432D394237422D344134382D384531332D413635353335384246443345227D7D2C7B227265736F757263654964223A227369642D46423539344242452D383030352D344544432D423343382D393738314544323236433935222C2270726F70657274696573223A7B226F766572726964656964223A22222C226E616D65223A22E4B88DE5908CE6848F222C22646F63756D656E746174696F6E223A22222C22636F6E646974696F6E73657175656E6365666C6F77223A22247B666C61673D3D66616C73657D222C22657865637574696F6E6C697374656E657273223A22222C2264656661756C74666C6F77223A2266616C7365222C2273686F776469616D6F6E646D61726B6572223A66616C73657D2C227374656E63696C223A7B226964223A2253657175656E6365466C6F77227D2C226368696C64536861706573223A5B5D2C226F7574676F696E67223A5B7B227265736F757263654964223A227369642D42324633433135342D434432322D343230412D424538422D363836444534373531423731227D5D2C22626F756E6473223A7B226C6F7765725269676874223A7B2278223A3638302E353030303030303030303030312C2279223A3233352E30303030303030303030303030367D2C2275707065724C656674223A7B2278223A3338352E353739313031353632353030312C2279223A39302E373737333431343131333435357D7D2C22646F636B657273223A5B7B2278223A32302E352C2279223A32302E357D2C7B2278223A3638302E353030303030303030303030312C2279223A3233352E30303030303030303030303030367D2C7B2278223A39392C2279223A34302E3030303030303030303030303031347D5D2C22746172676574223A7B227265736F757263654964223A227369642D42324633433135342D434432322D343230412D424538422D363836444534373531423731227D7D2C7B227265736F757263654964223A227369642D39394343413337462D413233352D343835332D383437322D444532333341443245443332222C2270726F70657274696573223A7B226F766572726964656964223A22222C226E616D65223A22E9878DE696B0E794B3E8AFB7222C22646F63756D656E746174696F6E223A22222C22636F6E646974696F6E73657175656E6365666C6F77223A22247B666C61673D3D747275657D222C22657865637574696F6E6C697374656E657273223A22222C2264656661756C74666C6F77223A2266616C7365222C2273686F776469616D6F6E646D61726B6572223A66616C73657D2C227374656E63696C223A7B226964223A2253657175656E6365466C6F77227D2C226368696C64536861706573223A5B5D2C226F7574676F696E67223A5B7B227265736F757263654964223A227369642D34363841393635452D393339422D343733312D413232392D353137384436413042423834227D5D2C22626F756E6473223A7B226C6F7765725269676874223A7B2278223A3238352E30303030303030303030303030362C2279223A3233352E303030303030303030303030317D2C2275707065724C656674223A7B2278223A3230302C2279223A3131302E39363039333534393234383234367D7D2C22646F636B657273223A5B7B2278223A302E393939393939393939393939393939392C2279223A34302E30303030303030303030303030377D2C7B2278223A3230302C2279223A3233352E303030303030303030303030317D2C7B2278223A34392E3939393939393939393939393938362C2279223A34307D5D2C22746172676574223A7B227265736F757263654964223A227369642D34363841393635452D393339422D343733312D413232392D353137384436413042423834227D7D2C7B227265736F757263654964223A227369642D35313046453036322D433042432D343643382D394231372D384133383037324132424336222C2270726F70657274696573223A7B226F766572726964656964223A22222C226E616D65223A22E4B88DE5908CE6848F222C22646F63756D656E746174696F6E223A22222C22636F6E646974696F6E73657175656E6365666C6F77223A22247B666C61673D3D66616C73657D222C22657865637574696F6E6C697374656E657273223A22222C2264656661756C74666C6F77223A2266616C7365227D2C227374656E63696C223A7B226964223A2253657175656E6365466C6F77227D2C226368696C64536861706573223A5B5D2C226F7574676F696E67223A5B7B227265736F757263654964223A227369642D42324633433135342D434432322D343230412D424538422D363836444534373531423731227D5D2C22626F756E6473223A7B226C6F7765725269676874223A7B2278223A3333352E34333833363637353034313136362C2279223A3139342E31363031363032323737313137347D2C2275707065724C656674223A7B2278223A3333352E31323431333332343935383835372C2279223A39302E37373733333637393230353539367D7D2C22646F636B657273223A5B7B2278223A32302E352C2279223A32302E357D2C7B2278223A35302E3030303030303030303030303131342C2279223A33392E3939393939393939393939393938367D5D2C22746172676574223A7B227265736F757263654964223A227369642D42324633433135342D434432322D343230412D424538422D363836444534373531423731227D7D2C7B227265736F757263654964223A227369642D30344339463239412D304242352D343639312D383034432D373634453445304132373136222C2270726F70657274696573223A7B226F766572726964656964223A22222C226E616D65223A22E58F96E6B688E8AFB7E58187222C22646F63756D656E746174696F6E223A22222C22636F6E646974696F6E73657175656E6365666C6F77223A22247B666C61673D3D66616C73657D222C22657865637574696F6E6C697374656E657273223A22222C2264656661756C74666C6F77223A2266616C7365222C2273686F776469616D6F6E646D61726B6572223A66616C73657D2C227374656E63696C223A7B226964223A2253657175656E6365466C6F77227D2C226368696C64536861706573223A5B5D2C226F7574676F696E67223A5B7B227265736F757263654964223A227369642D46313234303339432D394237422D344134382D384531332D413635353335384246443345227D5D2C22626F756E6473223A7B226C6F7765725269676874223A7B2278223A3833392E303030303030303030303030322C2279223A3332317D2C2275707065724C656674223A7B2278223A3333352E30303030303030303030303031372C2279223A38342E37323635353939393537373730327D7D2C22646F636B657273223A5B7B2278223A35302E3030303030303030303030303131342C2279223A37382E39393939393939393939393939377D2C7B2278223A3333352E30303030303030303030303031372C2279223A3332317D2C7B2278223A3833392E303030303030303030303030322C2279223A3332317D2C7B2278223A31342C2279223A31332E3939393939393939393939393939367D5D2C22746172676574223A7B227265736F757263654964223A227369642D46313234303339432D394237422D344134382D384531332D413635353335384246443345227D7D5D2C22626F756E6473223A7B226C6F7765725269676874223A7B2278223A313230302C2279223A313035307D2C2275707065724C656674223A7B2278223A302C2279223A307D7D2C227374656E63696C736574223A7B2275726C223A227374656E63696C736574732F62706D6E322E302F62706D6E322E302E6A736F6E222C226E616D657370616365223A22687474703A2F2F62336D6E2E6F72672F7374656E63696C7365742F62706D6E322E3023227D2C227373657874656E73696F6E73223A5B5D7D, null)
GO
GO
INSERT INTO [dbo].[act_ge_bytearray] ([ID_], [REV_], [NAME_], [DEPLOYMENT_ID_], [BYTES_], [GENERATED_]) VALUES (N'142519', N'5', N'source-extra', null, 0x89504E470D0A1A0A0000000D49484452000003870000017308060000008D717CB0000000206348524D00007A26000080840000FA00000080E8000075300000EA6000003A98000017709CBA513C0000000467414D410000B18E7CFB5193000000017352474200AECE1CE900000006624B474400FF00FF00FFA0BDA793000000097048597300000EC400000EC401952B0E1B000020004944415478DAEDDD077C5455DAF8F133E9A1841288A14A559466C1B22E2AFA22A06B4111490C2A2AAEAFE5B5FC755504165450B1B27617150491203694559A8880055730405040A49700218D402690CCFC9FE7CE9D30840402A44CF97D3F9FC73B73A710CFDC39739E7BCE3DC71800000000000000000000000000000000000000000000000000000000000000000000000000000000000000000000000000000000000000000000000000000000000000000000000000000000000000000000000000000000000000000000000000000000000000000000000000000000000000000000000000000000000000000000000000000000000000000000000000000000000000008EC04111A03ACD9E3DFB0C87C3D14F6EF690E8261143A99CB022893489F9129F5C76D9653F512400F517F5170080E4107E69D6AC591DC2C2C2FE1511117166E3C68DB7346AD4A849BD7AF512651F8573825C2ED7C6ECECECF48C8C8CBCACACACAE6EB77B9BEC7BB077EFDEE9940E5069F5D7CB125DE2E3E357262424346ED0A081EE23393CF1FACB999797F7DB8E1D3B76676666B62E2E2EDE40FD05002487086273E7CEEDE970383E6AD9B265718B162D1AC96D0AA5EA6C484F4F9F2349E25552CE77F4ECD9730645029C58FDE576BB27376DDA7475DBB66DFF22DFAB084AA5EAAC5BB76EF1962D5B5A4B39DF4EFD0500D52F9C22405537AC2223233FEED4A953FD8484845A2486554ECBF9ECBA75EBCEDAB56BD7E09B6FBE79EDC48913D7502CC0F1D55F5267BDDBA54B9768490E3BC86D863A54B1060D1A348F8F8FDFBF73E7CECB6FBAE9A6D5D45F0040728820A143B1222222BE95C4B06E5C5C1C05528D6263634F9704F11B6960DD3370E0C0591F7CF0C14E4A0538B6FA2B2C2CEC3F921846D5AB572F9E12A93E515151B10D1B360CCFC8C8B8322525E52BEA2F00A83E0C8F4195898989F9A0458B16B5CA4B0C0BF377985D6B679B7DD9EB8DDBED32B1F54F3609ED7A9998B866145E2590C6553F89715959592FCBDDCB2811A0E2F41AC3962D5B164862D8A2ACC7B5CECADAB8C8E46CFDC51C28C83211D171262EB18B896F75B1098F8CA5004F509D3A756AB56EDDDAB97EFDFA57E4EEA5940800540F7A0E5125162C5870AEC3E118D2A14387F0B286926A62B879E97BC6B967BB34B28AA5A5E5920656B6C9CB586E6AC7B7B31A5A3871090909F19B366D8AB9E9A69B964E9A34690B25021C9DCE4A1A191939A453A74E89E50D85DFB16ABA24870B8DABA8C0BAEF2A2E3405B99B8C336F8B896B72866108FD898B8B8B8BDDBE7D7BAD94949445D45F00503DB87E0255222626E691264D9A4496D740D24655D1FEBD87ED7715EF3799EBE7538095A755C3860D97C9B61F4501548C2E5791989858545EFDA53D85B9DB9696F9988E84D89BB99A42AC24F23B124EFD050024870870070E1CE85EAF5EBD721F2FC8DB5AEE63DAAB88CA238D5CED86ED41490015131E1EDE273E3EFEA472EBAFDC2DD6B052EAB0AAD7A0418346F2795C41490040F5E09A435409A7D39950B76EDD721F77171F28FFC5476874E1B81A579D64C3859C4005B95CAEAE47ACBF5C45477CBD9B3AACD2D4A953C714171777A0240080E41081DDB872B0C0BD7F90CFE1644A01A838B7DB1D49FDE537F597B5A12400A09AEA5D8A00000000004072881A1119DBA0DCC722A2EB52400002B2FE52E1517528240000C92150510D5B5E6022A26A1FDEA88A8C350D4FEE4E0101F05BBA266B9D46A796F998AED31A97703A8504002039042AAA4EE3D34CED321A57BABF6E42470A0880DF7238C2CC491DAE2AF3B184F67DE8390400901C02C7AAF840C161FB8A0AF7503000FCBFFE2A639D56EA300000C921708CF6EFDD65362D79D7E4EFFAFDB0C7F6EEFEC36CFA659CF51C00F047591B1799CDBF4E28F3B1ED2B3F363BD67CC57216008080C45216A856B9DB969A5D6B6799A272CEBAAB7D391BCD869FDF348DDBF634F55B9C6F0DE102809A76C0996376ACFAD2E467AE2EF7399A14666FFAC13873379B26A75F67A26A37A6E000002487802FED09D4B3E9DA335811AEE2FDD6F3F7ECFADD249C728589A9DB8442045063B2B7FC6C32FF9C53E670F8B2144872B87EF1EBA651EB1EA661AB8B38C905000808FC5AA15A684F604513435FFBB2D79B8DFF7D9B0284DF193468507D4A2134E830D21DABBEA87062E8E57615995D7FCEB55E0F803A162039046CDA1378BCB48105F8931B6EB8A1A7D3E9CC4E4E4EEE4369507F518701D4B140B0605829AA45879EA3280404851B6FBCF10CB7DB3DF58C33CED89196963655EE5FFCE1871FA65132C1AB519B4BAD00401D0B043B7A0E01E0D81A2DDF0C1A34C8FDC8238F9C74FFFDF73BE5FE77494949DD281D00A08E05480E01200424272777D046CB4D37DD54D0AB57AF78DD77DE79E7254823668FC3E1982E8D97567EFEBFD0814F1100752CF52C70240C2B0580A3D046495858D8D7D75D779DEBF2CB2F6FE6FB9834629A498366D3C4891317C8F32E4A4D4DDD50457FC6BD12E9A5F6254AC4F8DCEF2771954F23C5E9F3588AC4629FF7D06B791695F19E00108A752CF52C10ECC9614A4A4AF3A2A2A2BE0E87E362B97B86FD05AF637F9133A4B24993C7BE0F0F0F4F9D3C79F2160E070065355A222222E64B83A59E345CCA9C3DAF77EFDE2D0B0A0AB64C9B364D873F5D5C458D974612F3CB794CEBB57C8956A5F6699D778DC4F712B3B4DEB31B2B6D255EB75F0300D4B1D4B321895C214492C3E4E464FD90FF2F2A2AEA7491D5BD7BF73AAD5BB78E6ADCB8718C3052C1ECCEC9C9D9BF62C58AE8050B165CBA7EFDFABBA4B2D924AF7977CA94291FF05501A0742AF5E2E2E2593D7BF68CBBF1C61B8F38AD7ADFBE7D9BE7E6E6FE3173E6CC85529F5C58458D17FD1B7AD83F5CDEFABBB9DD08B9B554DDFE8B7D7B95FEAF487C6CDFBF5362884491BD7F8644269F3600EAD89204F17A73688FE0B1D6B3B753CFFA7FAE209B7BE4F8EB2EEDFF98329EA2FB5AC9637A32A0AF3CEF7939EEE68742AE1054C9A13D2CE1EDBA75EB761D3C78709D33CF3CB3B664FA89A59F171B1BDB4CC23469D2E4945EBD7AE92EA754368B274D9AF4A0BCC79D7200DC3A6DDAB4B57C7580D06EB4B85CAE05E79E7B6E624A4A4A5C455E73CB2DB7B497C64BFA8F3FFEB8B07FFFFEE7483D9251C97F568EC4E715789E3664CEF079CD4F7652A9FE23D1D3AEFF37D889268D1600D4B11E5A1FBE7582F5EC2CEA59FFCD1564F3A6DBED3E9E65527AC8EB7A047BAE1034C9E180010392222323DFB8EEBAEB22AEBAEAAABA92141ECBCB63FAF4E9932C91F3C20B2F7CB264C99285C9C9C9FFA01711084DD2E8A8B37FFFFE79D268697ED75D77C51D4B7D72DF7DF775DAB76FDF9AB4B4B4AFA51EB94CEA91CA6E10781B1CDEB3DAE71BCFF52C337C9EB3C18E41C6734D4CE906D479C6735DCC0C3E6D00D4B115AA6775398D9965D4B3238D67E86826F5ACFFE70AB279D5787A872D7AEC75EAD449273F32EDDAB533F5EBD73775EBD635728C999C9C1CB361C306F3F3CF3F1BC90DDC4545450EFB65DDE575BFCAF1775730E60A41315BE9CD37DF7C4D5C5CDCBF870F1FDEA06FDFBEC79A18FAAAFFF0C30FDFFEF8E38FFFEC703846CB873E98AF12105A060D1A1453BB76ED19679D7556DB7BEFBDB7C1F1D4278F3DF6D8291D3B7674B85CAE39DA08AAE43F51CF56EB10A6F976C4D8F7CBB3C127BCD7BE78CF660300756CC5EAD945E53C5793C22DD4B37E9F185E296DFB49DEC4508FBB2BAFBCD2BCFCF2CB7A3C994B2EB9C4B468D1C24A0C55AD5AB54CD3A64DCD05175C601E78E001F3EAABAF3AF4F96161616EFB2DEBB8DDEE49C1982B047C723870E0C094D8D8D80F478F1E5DB77DFBF695F29E9D3B77BEFAB9E79EDB2C07D170F9D007F2950242A7D12295FD976DDBB63DF79E7BEE893B81134D66F8F0E15DE57DA22322223ED3F7ADE23FBDA882CFCBB41B2B0C6F02401D7B6C1A95B33F9F7AD6EF13C32469D37F6627EC56D2F7CC33CFE86434A671E3C6157A0FED51D4E73FFBECB38E66CD9A157BF7CBF13C2ED87285804E0E75DC705454D4B8871E7AA856453FDC8A920FFEAF8F3DF6589A7CE8CFEBDA3B7CB58090F0719B366DFEFAE8A38FC6EAE45527EAC9279F3C4D1A2F098585855F5672E345274B1824A117D4EBB52E89E53C4F8741C5D8CFD1B3EBDEB3DBDF98C3879A020075ECB1D5B311D4B3FE9F2B4862F8AA37313CF5D453CDC89123AD5EC2E3A1AF93E32EBC73E7CE6E9F04F1CD60CA15023A396CD0A0C167D75E7B6D6C65F51896A63D88679F7DF67FF4AC005F2F20B80D1E3C38352121A1E7C30F3F1C1B19195929EFA967C5E547A84B6262E2494EA773528F1E3D2AE33A6F9D0DEF358909C63339CD58E39908A1B44E76A3E554BBB132576284F19CCDD6FDED24AEE49307401D7B981915AC673B50CFFA37490CB50D6FF5FA6A8FE1430F3D543274F478E990D3071E78C0B707B14E30E50A013B21CDEDB7DFDE5F3E9C4EBD7BF7AED27F472AB17E2929299BB5CB98096A80E074D34D37BD5FAF5EBD6B860D1B16AD95BED20BD1EFBAEBAEC39EFBCA2BAF1C320C452F5A97FAE8B0E7BDFEFAEBA661C38656E3E5E9A79FEE2C3F48B1B27B9C345EEE983F7F7ED109FCB965AD99A59325E899EB689F7DB748FCC3BEAD67B4F5DFF49D5A5D1B3D0FD90D1E863F01A08E3D28F304EAD9077DEA596D37DE4F3D5B3374B90A49DA7A7A4F24E8B583279A18FA2688F7DF7F7FF8638F3DE676B95C3A514DF760C91502B6E7502A99676EBCF1C688CA3AFB7404F56FB9E596E57270DDC9D70C083E77DF7DF7AB8D1A351A3062C48818DF1F0DBDBE401B2EDE868C5561868599B7DE3A7486F37FFFFBDFC6B71E6AD0A0815E0B6D355ABC74F8D4D8B163DBC5C5C55D90989838EE38CF6E1F69F15D6D78E8040A53EDFBAD7C6EEB7698F1CCA8A717CEFFAFF1CCC01763278B34580050C71E4CF08EA79E7DDFA79EBD57E231BB9E8DA09EAD51F7786F5C7EF9E5C73D94B43CFA7E575D7595770653132CB942402687C3860D6BBB7FFFFED65DBB76AD967FAF57AF5EFDA4C26A6AAF8D1212E4FF75989E71A9C4211A80DF1D93F7DC73CF0BB2B973C89021D1659D4DBCE8A28B743DD492FB2E97CBAC5FBFDEFCF28B67DDE3D5AB579B152B569803070E58F72322228C344E4C9F3E872F9FA48D9B975F7EF96469C4FC8F345E5E3E8E3FF79DA33CAE672BD3ECDB1BCCC1C599D3EC068B377478D46B474936395E00EAD850AB638D5D3F1E4F3DBBAA543D3B3214EA597F3E265352529AEB9A847A5B7B0D3539AC0A7A2CCA71E9BDFEB07B30E40A01F9A359AF5EBD21AD5AB50A3B9159AE8E514CFBF6ED574925A51727BF1022DFC9A7E44B654E3AE9A40239D0BFD631DB4545458BA64D9B964F75851A3E2673E4989C21C7E4E4133926EFBDF7DE31F2FAFB9F7CF2C988234D6825CF3343870EB58636A9828202F3CE3BEF5817B5BFFAEAAB25FB959E01FFFBDFFF6ECAAB9BE4F1E83163C6243CF2C823FD070C18B07AEAD4A9AFF1B156F9F1922BC7CB97277ABC54176D1C6BEF4945E5E7E75BC7DDB1BC06A88EEF0C752C2AF198DC239FE71752CF7D50D163529ED7578E612BCFD1CE24DF9EE6CAA43DE0679F7DB663F1E2C5DE5D019F2B04E4AF495E5EDEC5BA606575BAE0820BB4DBF8E250FB56CA174BC7F05F275FCEAFA532DE9E9C9CFC91449F6A9A36BA429E7EFA699391E199106CD9B26566E6CC9925F1E69B6F9A4D9B369534BABCE6CE9D6B2D6AFAFEFBEF9B2FBEF8E290B8EFBEFBCAFDB77478CBCE9D3B8FF8F7E8B511FADE4EA753AFB3D00ACA535B5C7F7DC96D9CD031595F3603ED6372BD3462C61FEB31F9F0C30FDFB77FFFFE87860F1F1E71B4998E131313AD3383B1B1B125FBB4B1327AF468AD8B4AF6E959F1BFFCE52FA64D9B36477CBF848484E8175F7CB14E7474F423F2B7FF2F9F68951F2FF57C8E970DC773BC5427AD93A4E153E1E72F58B04067CE3B649F3488ADA4913A0C35F59DA18E45251F93752552EC63724B458E49797E499BFDDC73CFADD2BFAFD4FB077CAE10903D873939392D4F3EF9E46AFD373B77EEDC5636B542FCFBA9B331F5976D7F693414CA1753D78C99BA7DFBF6199570F1F771D1844FAF3FD01F17D5B1634773DA69A7953CFEE8A38F9A1B6EB8C1BABD74E952B365CB163371E244BD48D96CDDBAD57AEDD5575F6D5DF7A089A4FAFAEBAF4B5EAFC35974888BEFBFF7C61B6F98B3CE3AAB64DFF2E5CB4DBF7EFD4AFEDDA8A828ABA2901F4673E9A5975AC36094FE407A6FA3D2E80C6483E4B81C24C764BEFC607C2C3F08D38F744CDE7DF7DDF7666767BFF4F8E38F87EBCC651571DD75D799EFBEFBCE3AA3AD7488939E74D0339A2595A97CB6DE63ED68E2E3E36B3FFFFCF3C50F3DF4D02839168BA64C99F20E1F65B5883FD6E3A5BA690F6079C39FF498D37ACCB79750EF2B3DB1E5FB1E9B376FB6EA24EA3054F777863A1655AC9ECF3159209FAF9E4DFBAC8C63F20CEF8DA39D503851AD5AB53265FDBB2487D5282F2F2F52BB71AB93FC7BF5EC03121ED1F2C54C926D922466F9F2E59C27B7DF8C8E8E9E3F61C2046775FD1152115867B6B52770F7EEDDBAD069C963DA8B78F1C517EB8F8475BF5BB76E567CFBEDB7A67FFFFE66D1A2455682A867D8F56C785967DAF57D1F7CF0C192FB7A365DCF64F6EC694D7E659D59D7B3F0DAA8D2469AFE986DD8B0C15A434787C4A07A4F5E787F30E498CC946352A7147FDFF7981C3264C8EDF279BDAC8D9663F9B1D0214CFFF77FFF67A4B161F6EEDD6BEDF36DB4687D74DB6DB71D32B1C2D1242424C43DF9E4937B860D1BF69234B8725253533FE623ACB1E3254B8E97D9DEE3A526FF289DC1D19BD895D6B2654B2B9E7BEE39D3A143D94B6A7DF0C107E6A38F3EA20E43557F6776CB77660E752C6A58AC1C2737CBF6663926F3E4739EED7038DED56352EAB644DFE3A78A7304DFBB8D480E6B406161A1A332164F3D1692389CA45B39F046F25D3CFC0743BE9C57CBF66A6D684819ADDFB56B5795FFA3DAA0D1864E7676B6D5A8D121283E9F9779EFBDF74C794B9D788755FDF1C71FD67BECD8B1C3DAFAD246D215575C616DBD3D937FFEF9A78E7DB7CEA8ABD9B3679B6BAEB9C6BAAD67E23566CD9A6535ACF4396FBFFDB6F51C3D5BAFF7B76DDB660DEB7AECB1C74C751DC399999956F984D8B1DBC87BF2428FC9010306AC95CF6D724646C6706928871DCF59446D2877EEDCD93A4E7C87286B2F4DF3E6CDAD130FC7AA75EBD675EFBEFBEE9CD75E7BED7D7BCAEDB5542735A2A1EFF1A2C33A9B356B66DAB66D5BED7F8826665A2F95951C96B4866263AD110F4A7BF99477820EDF910FC15287697DCE6FAFDF890F943A76E8D0A159A3468D7A9B3A36E8C5495C2F9FF1F57A4CFAAAACE52BCA53EAA4454CA01764402687FA83A41F7C752688DF7CF38DF7E608BE7F47AF8FB572D7614A557D1C74E9D2C56AF49C73CE3987247E13264C3063C68C317BF6ECB17A1675DD246D20E9F02A8D7FFDEB5FA65DBB76D6EB75D894360675ABBCD7FBE8197A6D0C0D1F3EDC5C72C925D6BEF4F474ABB7D1DBB0D204D47778962FFD71D36B21CF3CF34C6B3896FE2DEBD6ADB3CED8FBFEF055B5850B179A5F7FFD35A48F5D87C3D14E8E8B113A5C4F1B1FC74BA74FF7B9E8DCA267B7AFBDF6DAE37ECFEDDBB7D7B7DF2785AAC33F68CF9AF6BE0D1932A4DAFF6D4D4ABD3D27E566B20D1B960C23F50E2BF5D649BE27C482A50E5BB3660DBFBDD4B1C7FD9EA79F7E7AC3A64D9BEE91E39E3A364469DD559509A2EFA449C6B38409C961B59F1A888B2BCAC9C989F09E09AD0E9244644D9F3E5DCBEBE510F92E55E48758C77C680B21BCD48FC4BA6EDDBAB5A986E3C074EFDEDDFCF6DB6F562348E924347AE2E091471E294920870D1B665DC7A0B35569E8B052ED65D4B3E17A8D83D2B3F5DEC656E9464FFBF6EDAD7F47698FA84EBB7DFEF9E75BF7BFFCF24BEB8CA69736B8B4F1A4134268634C1350EF6B7578ABF77675BAF0C20BCDC68D1B35417C22048EC9F21A2EEB6AD7AE3DE9FBEFBF1F76EAA9A7869F77DE79C7F53E1F7EF8A1BED721C39DF4ACB6D40DDA0039AEF7AC55AB5696BCA79E76FC84B3DAD57EBCB8A4CC5DDE19ED7CEB96AA3EB95516AD5FF4DFD63A487BCBEAD4A973D873F4BA693996CB7D8F4F3EF9C4AAE75AB76E1D3475D829A79C120CF557D0D7B172BCBE2375EC53FE56C72E5AB468D7B66DDBA274F655EAD8D0A9C7E5FE01D96F2D90A9C3F5AB3239D4F7F711F06B5A066472D8B469D37DD2D88DABCEE4303737778F6C56A4A6A68E0C856F63525252B95F48F9B215CB974E13429DC1355CEEE7C8FDB95AF1464747CFD46B0F6EBBED367755FF8DDA801A3C78B0D5E397959565CE38E30CEBACBB0E9BD269B0F53A42F97BACB3CECF3CF3CC61AFD7DE463D03AE3F3C3A14CB3B4CEBCA2BAF3CAC319696E659D648932CED55F0F65AEB70542FEFCCA83AE44BAF7DF49E99AF698D1A35B27A061E7DF4D191417C4CBA1DDAA23878FFB06352F78F1C3972A97C4E9FEDDBB72FCCDB935251BADE964EDC51FAE4417171B1755CE8BA5CC73AECE9C71F7FDC3979F2E448798FAB3EFAE8A3B9B403AAE578D10FB058421B0D61728C84953E5EFAF7EF5FA0094975D3994A759A7E1D2A3A7EFC786BA2ACD275915EDBE2BD5ED0F7649677E4830E09D5496834B9F4F6E0047A1DA64972A8FCF6FA6B1D5B469D5B5E1DBBD2DFEA58F97BB48EBD9E3A36788E4939FE8AEC0430A2BC7ADCE9744E329E6525AC135EBA607D55D10E061F69248735A049932669E9E9E9171DEF99A9E3B178F1623D2DF05DA87E41E54B57285FB868FBCBA889A1CEDE325362AA3424E6CA0F434E75FF4D9AD4BDFEFAEBC63B4DB6FEB068634863DEBC7956E3C89BF0F9FEF82C59B2C44C9932C5BA9EE8F7DF7FB7662CF5F61CEA0F905EC3F8CF7FFEB3A4E1A5B3A6791B499A706A78EFEBE3DE75C974FA776DD4956ED0954527CFF14E948313672786473D26A5E1F28524C9177EF8E187DF4A6321CAB7917D24DA3879EDB5D70E99B4C8F7EC766E6EAED598D733DB159D3061EEDCB999F29A48397E7A49A3E5173EC5AA3D9724A15F5ACD88C2EC28F7784949A9FED1677A524B9320ED3954BAA0B74E9AE5DB53A743A3EC21962556AD5A656DBDAFDBBE7DBBF53EDE194DA9C35089A863E117F5B84F2F61B9C7E4800103BE93E759C9A15EEAA413145695527356047CAE1090C9E199679EF9E1B871E32ED2CAA4BC85502BDB8A152BB49B326467BAB213C37CBB0CFE13131333A33A67252D8F76E5A7A6A65A67D37D672A2D8BCEF0A7C3B174E8A977B896776D1ADF9E435F3A1C552B146F034DCFB2EBD4DCBAD692D264D2CB3B314459BCEB307A6982DAAB572FAAFACA69AC1CD3313966CC981FA40173E6E79F7FBE44EA9098F2262DF2F5E9A79F1E724D8136DCF538D0C939B4E1AD74ABD7A90D1A34E8A8EF27C7DBEEC993273BE535974C9B368D614ED5702EC94E0CFDAE0EF3265A3A8CF3F1C71F2FD9A7A322EEB9E71EABD1EC6DD4E82435DA48D6FAC49BFC79275EF036AA7508A9CE64EA5D42803A0CD4B1D4B1A1588F4744447CEE72B9C6BADDEE709DBD5E4798E9F5DA55D10EF55EFB6D0BF85C212093C3CE9D3BBF9F9090F09A7CD811E55D485F99962F5FBEBFB0B070BD24211B42ED9BA8DDF4B2992F0D11EF74D539FEF2B7E950295DAF4B1B54DA7BA867C3BD67C07D693278F6D967975C87689D7E2AE379BECFEFD4A993751D8EF62AFA3680F4357A42C2DB88BAF5D65B4B1ED37F5FD761F20E89D15942E7CC99634DFEA043C5F44CBD3E47F7EB1007D4DC31290D97DFE433E9F4D9679F2D97C6722DED292AEF4493368AF598F06DB8E8B0BBA143875A3336EA0F8ED25E9D9F7EFAC95C74D145475C53491A3739D3A74F97C3C4752D8D96D0AEC39477289D6F62E8F5F2CB2F5B1374CC9831C3DC7CF3CDD6A808EFB5825A9F683DA4758ED64BDED94A4B9FE4A20E03752C42F1989C3C79F296E4E4E46FE5664F3DC9A69D0055312A448F5DEF090CB128187285804C0E1D0E87532A9C8FE403B8512FBCAFEADEC371E3C6ED964AE6F510FB2E0E9772DE101313F3B1BF9C5D2F4D93376D3C79E92CA57AF6C6BB48B3367EF44BEB6DE478879F2AFD81D1E1577A7652E9D017EF8434FA25D7C4D37792062F7D0F6D6C95451B543AC5BBB75752AFF5D319D6744D4575E79D779A499326597F5F550E6FE098AC18F9ACFE94C64B97C58B172F954649DC1D77DC51665DF2D65B6F1D72ED950E69D2F5B6F4E2F67BEFBDD7EA91F6F6DE682F8D3E5FAF712DEBBDB4D122C759BE1C2B1786E2C926EAB043E9B076AD37BC7544695A87694F89D663A597B6D0B510F5DA423DD674129A8AA20E03752C42E898D4B6BB35B65993433DB15099D71E6A3DAC27EF7CF293B783A1D01D017C162166E4C891B9DDBA758B2A3D814865FAEAABAF0A3EFCF0C3655BB76EBD70FEFCF9457C4F2B66CE9C396EFD12C23F2C58B0C05C76D9650E4AE270528F34CACBCBFBBD7DFBF68D4A375EF49A2F5D16C57769016DA47BAF49557A8242274AF0F6B6E8B015AD93744A775FE3C78FCF9D376FDED6E2E2E28BA74C999249C9537F81FA8B3A963A16552B393979BEE40CD6D92C1DAAAC6BB856C6CCA5DAD3ADEFA509A2F770CEC8C8B824187285B080CD6A1D0EA7540C77FDE73FFFB1160CAE0A7A2DC6D4A9530BA542BA95C41008DA864B665656568B356BD66C7FF5D5574B8687E875043AE151E935E774789D2FED4DF19D5D4F87404D9C38B1642894B7D12275C8BAC2C2C2F368B400A08EA58E45F590C47050585858B6DED66B585F7CF1456B88F289268663C78EF54D0CF3252FB923587285803F13377DFAF47973E7CEBD4417F9F51D3678A2742DA861C386E5CB01749754341FF0F53A369C79F72F9C793FBAFEFDFBD769DDBAF58A7AF5EAB5FAC73FFE5132E4F844E8750E6FBDF5D69E254B96AC901FA8BFF9DBF56EA0FEA2FE02752C82DD800103922441FC4027A7D1FBDA83F8C0030F1CD710534D08F524874F62A81D56370553AE1016E8FF03575F7D752FF9D158F6D4534F555A0FA2F618FEF39FFF2C282C2C7C9EC410080DD3A64DCBDFB973E769B9B9B96B9E7FFEF9926B5C8E97BE5EDE679FDD68F91F1A2D00A863A96351FDA64E9D9A2AC7C86049E2748D5BAB0771C890213A694DE905ECCBE59D1D5F5FE79B18CAFB0E09B65C213CD0FF079E78E209D7871F7EF84E5151D1C5E3C78F6FA5EBE2E8FA75E5CD447934BA80F01B6FBC51E072B91E94F77B89AFD4F1B9F9E69B479E7CF2C914849FD0131E93264D7A829238B2B4B4B4A2F6EDDBBF131D1D7DD5F7DF7F9FA8D3FD7B27383A163A6C6AD4A85107366DDAF4BDD4257DFC754214507F517F813A16A1203D3D3DAD63C78E6BC2C3C37B4B4217AD6B68EABAB13AE197AE33AB3331EBF5B09A3FC8F1690D1DD551843AF1D7E79F7F6E5D1BBB72E5CA92B5378D67498D3B25F17C2DD8CA2A2218FE272421D431BE3D7EFAE9A7DBE6CC99F3D682050B2275BA5A9DC9B4A2F4C3970FB868F7EEDD7F161414F4C8A6A4BD00002000494441549D3265CA2ABE4A40E8B11B19670C1D3AF4FB9123475EA0D3A91FCBC5EBFA83F2F4D34F17656666CE901F9C1BB85E1900A86351F3B407312929E9274900DF71B95CFFA3FB7468B2CE745F6AADC2A359A4D718066BAE101E4CFF33EFBCF3CEAFF3E6CD7B3E3737B7DD8F3FFE78DAC71F7F1CA65DC7DE35EDF4EC94860E45C8CECE366BD7AE35DF7CF38D79EFBDF7DCBFFEFAEBD6BCBCBCA1AB57AFBE7DC68C193BF90A9D18CEBCFB17CEBC1FBB850B17BE77E185175EFAF5D75FB73CE79C731CB56BD73EEA6BF42CE3134F3C519C9393F3D59A356BFAD368A1FE02F517A863E13FD2D3D37356AC5831B153A74E2B25C16B28A1957D45871B2E9218919191F15030E70A11C1F63FA4B398CA26D9ED76DFBA72E5CADB962C5992220960A7CD9B37D792E42F4287224882E8964AA8283E3E7E5BC3860D7F6ADBB6ED98FBEEBBEF57BE32007C3DFBECB3173FF2C8235F3EF9E4937F1B3A74A8233131B1DCE7EAEC674F3FFD74714141C1177FFCF10767B301803A167E2A3535F563D97C9C9292D2DCE5725D2F79C35FE57E37094D1675022C1D3FBA55224DE23B7D6EA8AC9D1911ACFF637692F8861D00705C9E7BEEB9AB5E78E18537478F1E7D67798D173D9B3D6AD4A8E2B0B0B07FAD5EBDFA511A2D00401D0BFF3779F2E42DB219AB3168D0A018A7D359E04D25626262DA87E2F5AC611C160070640F3FFCF05D2D5AB418357CF870F7BA75EB0E794C87BCC97E5783060D468F1D3BF6211A2D00401D8BC02389E1F9BEF70B0B0B7B846239901C0240053CFAE8A3FF6CD3A6CD33A3468D72FFF6DB6FD6BED5AB575B3326376DDAF419D98EA09400803A1601EB96A3DCF78A92E84B72080021EEF1C71F1FDABE7DFB075E7AE9A5625DEF68ECD8B1C5D298797CC48811C3281D00A08E45E072BBDD87247CBA4C4A8F1E3DCABA044FA7D71D47720800D0C6CB2B898989C3A64F9F6E9A356BF6D4F0E1C3C7502A00401D8B80A1095F33DF3C283939B9BBC3E1A8EF932816E9FD8484841EA55ED724140A27187D2471430DBE1E4010FBF3CF3F6374BB72E54A07A50100D4B10818B74A3C24A16B147691B84F62A6E687BE4F92E4304292439DE07280DC9D6BBFEE3989C512AD480EFD5B8C9DF9EFF3D9777519CFAB656FF755E03DAFE6BB03000000048D7612FF90384B426721D5652BE6489C22C9E055BE4FD4F5D195248757366EDCB8DDAE5DBB9E95BBA74BEC92682CF11BC9A1FFD1646FBAFDFF502871AA446BE359BA22DA78D62631F6FED512EBEC03E11489BF49A47B4F0E483C28F1A8C44289CC325E9FCFF7090000000858E749C44A8CF7D9D7262929A9876C5B947E727171B1090F0F4F4C4848B84992C3797662A85CC15C48819C1CF691D86B0ECE16D4CCDEDE2D719BCF7D63278DFBEDDBFF6B3CDDC9B7FA3CBEC7E7F9AE325E0F00000020B0FD2071A7CFFD3B24461FE905CD9B37FFEBCA952BB7874A01057272A8DDB97FB5B3FFD912F38EF05C1D2FDC5FE26CFB8CC1AC528FBFCB7705000000085A7ABDA02E78AFB38D7A933DCD0D92CA7A727878B8B5AD5FBF7E5787C3D1DEED76D7319ED1845D480EFD935E48DA49A2A7442F89D7253A9B83C341BDF471ED29FC9BFD585F3B5904000000101AD64AFC3F895F249648B44A4848D0D18309E5BD4092C23CD9346ADAB4E9B4AD5BB7FE6927952B490EFD935E44BA5B62B21DDF19CFF5849A001619CFC5A23A36F82489353E4963C70ABCB7EFEB0100000004BE4976E8DC25FB2FB9E492E7657B41794F76BBDD91BABDF0C20B77A7A6A6B6379EF94BF6931CFAA736123F4BFC28116F3C13CE7C6B3FF6A2C44F123B8DA79770B8FDBCBAF6598382A3BCB7EFEB2F334C4803000000040B6BF50287C3D1F728CF8BB5B73D7BF4E8B16FFEFCF945C15E30819C1C6A2278929DF91795CAE24798831797EAFE0E7602996D0E9F61A8AC35744ABF1E40F0D57D7AED404F7B3BA1D4E3BA4FCF260E91C8A1B800E0B8D532652F23D6C06E97013562C08001E79B8AAF59D82E3131B1BB6CE7931C0648E65F86D249DDEE637C5F924220780D369EEB96B592BF52A27EA924501F1F43620800C725CE4EFEF4529E4DE6E0F2615EBA5E9C8EEA4AA6A85053A64E9DAAA3040FE9244A4A4A1A693C9D444FA4A6A68E0CC57289E0D000108266DA49E17C3B319C663C43CEF55A826F243E97B85E628B442AC50500C7447B5874D28EAFEC44F076E3991B42696F61671243C03F855104A892032B2CCCED72B928083F209FC346E3197A8D435D2331D0787A0775522B9DE27ABAF19CE1DE20F182443B8A29F4381C8E03D45F7E537F591B4A22E0E8F262CFFBDCBFD44E121BDBF5EA54E33941F70A4505901C2204C4C4C4ECDCB3670F05E107B2B3B335D949A3240EA3D7152F2AE7B10724BA19465784E60F6358D832EA2FFF909F9FAF6B8DADA22402D2ABC6B316B5D75A3BD6D9F767489C463101248708019191918B72737329083F909191A16BF4CCA7244AE830D297EDDB1B7CF67B7B575B19CFF588BF5054A1A9B8B878E6EEDDBB775012352F3B3B3B533E8FAF288980A31301EAB586B796F3F81CDAA100C9214288D3E97C6EFBF6ED07DC6E378551B3366465657595ED2714C521C9E1709FDB2579B4BDD5EB0C67DAB7EB515CA147EAAD4F32323222A8BF6A9EFC8E14537F051C9D8CE6DC233CDECA789609538CCE00480E110A2EBAE8A29FA561B57CDBB66D14460D4A4F4F9F239FC3B6CB2EBBEC274AE360C26C3C6B97FECD78868F7A797B0EF58CF79B124F49D07B14827AF5EA95565454F4DF4D9B366DA6346ACE962D5BB20E1C38F01BF557C0D1D12A13EDDBE3CB686B6EA01D0A901C2204399DCE811B366CD89797974761D4809C9C9CE959595957B95CAE07298D32E9CC79238DA7F77080C4FD76E87D5DC6E25DE39994062148BF37921CC6E6E6E6B29C490DD8BB776FE1FAF5EBDDC5C5C5F7511A01EB1E893BCCC109851A9B8313D2FC28F1BD4412C504901C2244F4EEDD7B9534B0AE59B972652E0962F527862B56ACE8EC7038EE90CF219D122953BEB7B8242E97B8D68E0FECC64B4F89188A2974EB2FD924A7A7A7EF9104713725528D5FCCFCFCECB4B4B45D727310F557407BDD1C1C91A13397EA440451123ADBD385127F95D84A3101248708213D7BF69C5B545474FDB265CBF2366DDA94C5353C556E833466C72D5FBEFC3CB97DBF94FF0C8AA44C99C633E18C267F19653C3ED77866323D9FA20AEDFACBE572DD26F59763EDDAB50BA9BFAADEFAF5EBFFBB74E9D22229F7BBA8BF025AAC44A47D5BAF2B4CF3094DF86B49BC26D186A202FC4B384580AA3671E2C4752929299FE7E6E676DDB66D5B9CD3E95C131616E6888E8EAEE37038FCF6EF5EB76E9D79FBEDB74D93264D4CC3860DFDF6EFD4750CB3B2B2BE9746D592D5AB57C717141444C8BE945EBD7A2DE2E82BD77E3BF4ACF6DA232490EBCA7AA053A74E3D64A3F19D24E3F329CEE0AEBF060E1CF8457E7EFEA55BB66CA9B577EFDE9FA4FEDA131313535FEA2F26D338F1FACB29BF0DCB376EDC982EF5973B27276787ECBB91FA2BE03925B2ECDB655DBB5D28A1B3D06653C7C29F70EC314B14AA893D44ABF7ECD9B3CFD8BE7D7B3F09FDE2E9B55D7E3B6CEFD34F3FD569D4CDD8B1634DFFFEFDFDB9789B49E810ACDF255E61F2860AB9D778D6D83A9A2DE6E0B0288476FD75B9D65FBB76EDEA27D18352A9D476885E93B64CE29FD45F416395A9D8845E7A9D37EBF002248708553A0B6020FC100C1A3428C6E97416E86DBD5E72F2E4C9B113264C70F209068D938CE7CCE0919C2AA1D79A31290D02AAFE02FCC07512BF55A01E1EC4770A203904FC9E2486875C6B565858A889C44C4A2668FC293141E24AE3E941AC630E4E50E3D5DD78CE7E03008E8F2688A7DB75ED7C7BDF5512538C67E4D0188A08F02F4C480394ED16DF3B6EB7FB768A24E8E8B0E67EF6ED39C6B3AEE1488961F63EBD163193620280E3E69D6DB681C469765C6BEFDB48F100248740409064B04FA95D3DFAF7EF5F8792092ABA84C577F6EDB72586DBC9A177228C0C8A08002AC51289FFDA0180E410081CC9C9C97D1C0E47A2CF2E9DD5B2517878781F4A070000002487408870B95CBD4BEDF22E6E760DA513129A53040050A9E2259AD80180E410080C3D7AF48870381CB795DA1D6D6FFBEA2CA69452506A653C434A35064834A24800E08445D95B5D6EA9B61DA32816C07F315B29E0A3499326E7BBDDEEB8321ED2652CEA141616EAD0D2CF29A9A0E19D2C6124450100956EA0BD65E66780E410083C479895B45022461EBF86E43028B4329EF5B554A7233C4F27A5610913003836BAB8FD2947798E8E5ECB95B89AE202480E01BFA3434A75965287C351D6C3F5ECE45187963E3861C2841C4A2CA04DA8C07362A82301E0B8DC491100248740404B4848E8516A96D2434862B8471EAF5F5050A08BA3CFA0C402DA068A000000E0504C480378BF0C6161479C8D5412C3227B7B0BA515F0DE349EA1A5A5E95A969C340380139326D1B88CFDC91271140F407208048294A33CDE40FFE376BB7BEA10548A2BA06D2D635F07892F8D67382900E0F85D56C63EBDA65FAF43CCA378009243C0AFDD70C30D3DBDC9DFD1E8D0D2934E3AE97A4A2DA02D92C8F7B95F5FE21989FEA5F603004E9CFEBEEA1AB24F501400C921E0F724E1EB768CCFEF40A905BC4C9FDB8325EE28B50F005039869318028181A17180983A75EAB3B279D6775F5252D248D98CD01FB4D4D4D4919452D0D1DEE2B912ED247E213104804A3547E23A895A12FF32655F83A89D143B282A80E410006A9A0E251D6F27876B25CA9A68E87B8977282A0038667ADDE1D9128F4A3C68CABE742392E410203904007FF0B11D0F1B4F0F621A450200956AA6C46CE399219AB50F8100C035870042DD0B12BA7665278A02002A9DCB4E0C87521400C921000482D724FA18CF3A870080CAF7A2C41914034072080081942002002ABF7DE9349E6B1001901C02805FD1464A4C19FB32241A513C0070427492995D65EC7F57E2648A07F05F4C48032014FD54CEFE45D48B0050A536520480FFA2E710000E55441100000092430000000000C9210000000080E410000000004072080000000020390400000000901C0200000000480E01000000002487000000000092430000000000C9210000000080E410000000004072080000000020390400000000901C5204000000000092430000000000C9210000000080E410000000004072080000000020390400000000901C0200000000480E01000000002487000000000092430000000000C9210000000080E410000000004072080000000020390400000000901C0200000000480E01000000002487000000000092430000000000C9210000000080E410000000004072080000000020390400000000901C0200000000480E01000000002487000000000092430000000000C9210000000080E410000000004072080000000020390400000000901C02000000008E2C82220080F20D1830E03187C3F14C390F8F484A4A1AE1BB233535D541A90100804044CF21001CA9920C0B4BA314000000C9210084B82953A6CC944D56059FBE851203000024870010A4DC6EF7A74779CA01FB7933292D000040720800C19B1C4E3DCAE32EDD3A1C8EC994160000203904802055AB56AD4592F8ED2CEF71792C5A36991919198B282D000040720800416AC284094EB7DBFD55390F5BBD86F2F8E7F3E7CF2FA2B4000000C9210004B7F7CBD95F6C55A661619F5044000080E41000829C3D6434AF8C872225B66CDFBE7D2EA5040000480E0120C8D943462796DAED1D523A9321A5000080E4100042842481B34ADD77D937BFA174000000C9210084881D3B76E83A86DBBDF71D0E47846C325D2ED70C4A070000901C024088B0878ECE2AB57BE6B469D3F2291D000040720800A1E590594B1D0E07B39402000092430008353131313FF9DE8F8E8E9E4FA9000000924300083113264C70CA6695DE76381CEBE47E0EA50200008241044500A0A6B9DDEE98F5EBD7DF9B9F9F3F70DFBE7DA7EEDDBB37C6E572F9EDDF9B9999697EFEF96773F6D967B7B9EDB6DBDCFEFA774AF2EA8E8E8EDE1D1515F5F38103075EE8DEBDFBB71C6D000080E410805F92A4F07F7FF9E597179D4E67ADC4C444A351B76E5D1316E6DF031BAEBBEE3ABF2F5B49B01D927037CACBCBBB222323A3E782050B7E2F282818D8BB77EF748E3C0000501AC34A01D4984D9B367DBE71E3C637E3E3E36B9D73CE39A665CB96A65EBD7A7E9F18064C052FE5181717679A376F6EBA75EB16D5A2458BAEDA8B386FDEBC6B281D0000407208C06F1243896B3A76EC689A356BA6432029942AD6B46953D3B56BD758491A27CD9D3BF74A4A040000901C02A8513A9474DDBA75D79C7AEAA956CF566985F93BCC96B44966CDB74F9AD5F3469A4D4BC71B67DE560AAE12D4AE5DDB74E9D2A5AE24E39366CD9AD589120100002487006A844E3E939999F9A20E212D2F31DCBCF43D939FB9DAB88AF71BB7ABC8ECCBFAD36C5AF22E0962252688AD5AB572858787BF426900000092430035426725D5C96774886359B2362E3445FBF71EB65F13C5CCF5F329C04AD2BC79F386111111EDE7CC99733EA5010000480E01543B5DAE4267242DEF1AC38223F40E6AAF222A4F424242866CFA5112000080E41040B5D3750C7546D2F2B88B0F94FF62B78B02AC448D1A356A269B1E9404000050AC7308A05AE902F7BA8E216A9E7C0E4D64D398920000008A9E4300D5CAE572B18EA1BFFC00783E074E12020000924300FE2732B641B98F4544D3E30800004072082024346C79818988AA7DD8FEF0C858D3F0E4EE1410000000C921805050A7F169A676A353CBDC5F37A123050400004072082054141F28386C5F51E11E0A06000080E4104028D8BF7797D9B4E45D93BFEBF7C31EDBBBFB0FB3E99771D6730000004072082048E56E5B2A89E13B665FF6FA729FB32F67A3D9F0F39B267BD30FC6CD9A87000000958A29CC01D428ED09DCB1E62BAB67B0225CC5FBADE7EFD9F5BB4938E50A13632DD5070000801345CF21801AA53D81154D0C7D690FE3C6FFBE4D01020000901C020806DA1378BCDCAE220A100000A09230AC14408DEAD0731485000000E007E8390400000000901C0238E1FA807A040000200830AC14F0FF84ADB1C49912F5EC6DBCFDD83F25B6977AFE5FECED8F3EDF71BD30AF8EC4DF25A2259E29E7DFEA2B71AEC463E53C1E23718DC4D452FBC7497C20F1ADC4C9121BF9D8000000480E01541E4D02CF96D82DB1C04ECCFE23B1D0E7391D2456D989DB60892D127F9338456280C42B12A74BAC95182F91EDF3DA2E128912DE05033BDB8FF7B4EF37B0B7D3ECAD53E277FB7D574BB4B15FDBD24E5C6F95E828F1301F1D000000C92180CAD1CE4EDE34F9AA25D1C24E14DB98833D87DAAB78B9C493129B25E64A4449DC213156E2FF493497D82AF14519FFC669F66BF6F824837BEC4454F5F14910BD964BA4DB7F97BEBEC0E7B18BCCE1BD8A00000008105C2B04F827EDE9FBDC4E08CB932431CC4E0CD52A3B59D4EFF51A73682FA1D7E9A5EE174AECB7E380F10C41F5DED7DBB9F6F39A495C67279D5DEC24748AFD376EB0B7B7DAFBEBF0F1010000041E7A0E01FFA5BD730DECC44BE9F582DBCCC161A53A7C74877DBB89F10C07D584F05D89D912FF90986927989A04EA904F1DFEF9A5CF7B5C650EF6FE9D6FDFF62677FABA25F66DED7DFC54E2528934FBB193EDBF5187BAF6B5FF3E4D30B567339F8F0F000080E41040E56963275EEA1C3BF9F30E2B3DC9E7793A31CD24FBB6F6EC69AFDE32E3B91E7091F10C2B6D2531BAD4FB7F592A91D3DB73EDDBDA7B1855CEDFA549638A393804D5FBF7AD344C48030000407208A052E9F050EDB1F3F6F2C5DB49E062FB7E3F9FE7FA5EA3E84D28F5F9E1127F1CE1FDEBFADC8F350767365531E6E0643565A96B27905E45A6EC6B1B010000407208E004E9904DEF75823AB94C6D73700299F77D9EB7D64E0E7598E93AE3E961D4E1A80F98436737F5A5CFE96A27754A673875DAA1128CA7F7B1B4C6F65687AA7E552A5904000000C921804A76A5F1F4E6C5FB245F453EF76F93C8349E6B00955E33F888F10CF7D424F15673709DC3B2CC2C755F7B0C7D8795CE2DE335DADBA84B66E85A897A8D615F9FC7CE29E73500000020390470024A0FD12C3D218DF60C5E613CCB4B6862F6A2CF7375E6525D03718DCFBEDA47F9F7222BF037E549BC6CDF3E60FF0D5A8F686F623D3E3200000092430095CBF71A422FBDAD8BD6FBF6D6696F622B73F03A44E393106E2FB53FFB28FFA60E13DD7394E73CE6737BB7BDD59E499DB8A6BBC4643E3A0000009243009567AD1DC7E3157BBBB8D4FE378EF2BA639D4C66B8CF6D9DA1F40E3EB6D071C30D37F40C0B0B3B3F35357514A5010000C921000495DDBB779B850B179ABE7DFB9A1F7EF8C1FCF6DB6F262121E190E74C9B36CD8C1933C6DA2FC99115F7DC738F19356A94993973A6494E4E3653A64C31B56BD736575F7D75D0944D8F1E3D22E4FFB987FCFF5E23776F9688B31F2239040080E41000824B7C7CBC69D4A8919931638689888830CD9B37377DFAF4316FBDF596E9D7AF9F69DCB8B1D9BA75AB69DAB4A9292A2A329F7DF699898C8CB46E6B52A90961464686993D7BB6B9F6DA6BCD175F7C613EF9E413337AF468EBBD0231216CD2A4C9F96EB7FBEF127D1C0E47638E120000480E01202474EFDEDDB85C2E2BC1D39E44ED299C3E7DBA292C2C34B1B1B14612244FE529C9A3F610DE7CF3CD25AF7DF5D557CD4B2FBD64EEB8E30E73C1051758BD89E3C78FB77A1703497272721F2983DE7273B02485D6BA97DEFF6F000040720800414D7BFCD2D2D2AC183870A0B54F7B12B5E770DEBC79E6FEFBEFB792C67FFFFBDF87BC2E2A2ACA4A14751B1D1D6D6AD5AA65F52EEA736362620222311C3468508CD3E93C5F12C05BE5EFBE5C12C2C624830000901C0238DC88A4A4244AA1922C5DBAD49C7EFAE9D6F04D7FA2D7105E7AE9A5562FA1F73AC3E5CB979B2D5BB658499EF612FEFEFBEFD69052AFC183079B9F7FFED96467679B5DBB76994F3FFDD44A12EBD7AF6F7AF7EE6DDE78E30DBFFE2CD6AD5B670D7B95C4B040EF4B5278CC3D84F2DD18C9510DA0B27F77290280E410E0872A04FCFAEBAFE6E4934FB6AEC9F327DAC3A7899D37F43AC2B3CE3ACB9C7BEEB9262E2ECEE4E7E75B7FF38409134A5E939B9B6B0D43AD57AF9EB9E4924BCC575F7D655AB76E6D25C093264DB27A1977ECD861EEBEFB6ED3B16347BFFB2C74C86C4E4E0EDF0D00004072081CC5048AA0F29D79E699232EBCF042BFFF3BF7EEDD6B4E3BED346B88A9F6102E5EBCD874EAD4A9E4F13FFFFCD31A76EA4D2CD7AC59630D4D3D70E08095FCEA4CA73ADC5427B2F1C7C450F5EFDFDF8C1D3BD64A724B29B27B112BF21BF1044735007E8701924320A8A5A6A66E90CD484AA272DD7EFBED23FC6D4869694EA7D36CDBB6CDEA05D4F02E4951A74E9D9244AA6DDBB6A6499326D6B585E1E1E1A64B972ED6EBF6ECD963F5362ADD6A82E8AFDAB46963AEBFFE7A3379F2E4D88282829E920CEA24347D259AFB0C2F3D20E196882AE77BC277040000924300083E3A9CF4B5D75EB36E6B8FE0FAF5EBAD2529B4E7F0F2CB2F3FE4B93AF98CD2994DDBB76F6F5D9BF8FDF7DF5BB39A6EDEBCD9ECDFBFDF3CF8E0837EFFFF3C61C204A76C6668F4E8D1E3C1C4C4C4BE6EB7BBB724887D3451F43E4FF6154A99C8C61DC391020000C921000435BDB65097A798356B96755F2799D1DEBF6EDDBA59C9A25E33599A2453D64435AB56AD32E79D775E494FA3D2496C7498A93791F477F3E7CF2F92CDC776E884333D64D34F42D7396CA7C34D010000C9210004BDF7DF7FDF2C5BB6CC0C1830C05349DAC34235F9D3896674B90AF5C30F3F987DFBF659899F5E53F8C71F7F5813D76812A8B7BD56AF5E7DC850D340939A9A3A5F7346BD2D6572BE6C6E2FDDA3080000480E01202875EDDAB5CCFD3A7BA986D245EEBD744869798EF458A0993A75EA4FB2F98923040080E01446110000000000480E01000000002487000000000092430000000000C9210000000080E410000000004072080000000020390400000000901C0200000000480E01000000002487000000000092430000000000C9210000000080E410000000004072080000000020390400000000901C0200000000480E01000000002487000000000092430000000000C9210000000080E410000000004072080000000020390400000000901C02F08B4A272CCCED72B928083F209FC346D9145112000080E41040B58B8989D9B967CF1E0AC20F646767A7CB268D92000000248700AA5D6464E4A2DCDC5C0AC20F646464E4C9663E25010000480E01543BA7D3F9DCF6EDDB0FB8DD6E0AA3666DC8CACAEA2ADB4F280A0000407208A0DA5D74D1453F4B62B87CDBB66D14460D4A4F4F9F239FC3B6CB2EBBEC274A030000901C02A8114EA773E0860D1BF6E5E5E5511835202727677A5656D6552E97EB414A030000901C02A831BD7BF75E2589C9352B57AECC2541ACFEC470C58A159D1D0EC71DF239A45322000080E410408DEAD9B3E7DCA2A2A2EB972D5B96B769D3A62CAE41AC721BD2D3D3C72D5FBEFC3CB97DBF94FF0C8A040000F80AA70800D494891327AE4B4949F93C3737B7EBB66DDBE29C4EE79AB0B030477474741D87C3E1B77F776666A699356B9669DCB8B1A955AB96DFFE9DBA8E615656D6F7EBD7AF5FB27AF5EAF882828208D997D2AB57AF451C7D00001CAA53A74E3D64A3F15D7A7AFAFC502C83080E030035498798EA66F6ECD9676CDFBEBD9F8456CAF52562FCF56F5EBA74A9F9F5D75FCDC68D1BCD59679DE5CFC5DB4C6297C4EF12AF30F90C0000203904E0F77AF5EAA58BB107C482EC4949492365334212C4271E7DF4D1917C7A0000201870CD210000000080E410000000004072080000000020390400000000901C0200000000480E01000000002487004257339FDB2DCA794E5CA9E70100000435D63904108A264844D9B775FB8CC45089111233EDFD6F4A3C4051010000924300085EF74BFC66DF9E2CB150A2AF844B62925D37BE2FB18BA202000024870010BC9AFA2487D13EFB3A482C91F8AF61D83D000020390480A0B7D7E7F69312D91299C6D38BE8358062020000A18433E30042517F896FED785B224662BEFDD84B124D24A64ADC4D510100805041CF218050F48E39F49A43A7F10C25554FD9C9A27A8FA202000024870010BCDA19CFE4335E1D7CB60DECE4B09EBD6F15C5050000480E0120387536077B0A1FB6B7F7DBDB5C9FE7D5A6A8000000C9210004A75A12D74AF494785CA2ABC4B2729E7B9EC4588A0C0000901C0240F0D927D1CDBE7D92C44D12BB25BE2EE3B92B282E000040720800C16F87F1CC48AA75A12E5D319922010000A18AA52C0050FF19534462080000421D3D87004291CE48FAA9C41B7692B844A29F397CE98A5D141500000815F41C020845D912DB2492253EB1F77591F8ABF15C8778A9C4E912DF52FE932C07000003F5494441545400002054D073082014F5B5B7C34AED4F97586B3C6B20EAF588D75154000080E4100082538C9D149E2DD1CADE774B19CFDB4D51010000924300085E4EE359CA4227A0192DB1C627490400002039048010D4C74E0EF5FAEBCE12E37C1ED37D7B25AEA098000000C9210004AF27ECC430CE4E04BBD8FBE30D434A0100400862B65200A1EA747BABCB5AACF2D9AF89E1788A070000841A7A0E0184A2A1E6E09A868F4B9C52EA713D713656E2018A0A0000901C0240F01AED73FB55E359C202000020A431AC1440A8DB4A11000000901C02403645000000C0B05200A1E96EE359A2E24A895F8C67C90A1525B1DFE7796324BEA2B8000000C9210004A73724DE329EE52C6E349E252D543B890D1245127524FE4E720800004205C34A0184A29B24EA19CF8CA40DEC7D174B1CB01342633FFE0A45050000480E012078E9BA86ED7C423D24B151A2BF7D5F27AA29A2A8000000C9210004AFFFDAF1A6F10C236D2C7197FDD80289161411000008355C73082054FD3F896EF6F6050997BD5F7B0BF51A44BDD690994C010000C9210004B9977CB62F957A2C46E23C893612E3292A0000100A18560A20542D2C753F4EE212FBB653E23B1243000040720800C16DB4C4FFF824859A08E6497C6B3C3398B6A188000000C92100043F1D46EA5DECFE79E359C6C2EB01899E121F514C0000209470CD218050B4DBE7F69D653CFE6F899F29260000104AE8390480B2A5510400002094D0730820547D616F9F92D829B1D91C5CCE42FDDDAE23DF38C27B8C484A4AA2240100080E23480E0120343D26B156A2AE44BCC4B3C673EDA10E336D29D14262383F24000080E41000829F4E4AB3DB8E4724A22466D9DBBF1EE17513283A00008216BFF30010624EB7B78D25FE22F1B644079FC78750440000000010DC3E9538C778868ED63AC2F352282A0000102A18560A20144D918891686547794EA1A80000000020789D6227878D7D6E4FB6B76FDB5B8D3A141500000815F41C0208554EBB0E8CB16F7BF74D9328B203000080E41000825C3BE3E9196C2011EDB32FD77826A8594811010080501246110008510724B225D6D9B71FB7B73B255EA6780000000020F8C51CE5F1361411000000000000000000000000000000000000000000000000000000000000000000000000000000000000000000000000000000000000000000000000000000000000000000000000000000000000000000000000000000000000000000000000000000000000000000000000000000000000000000000000000000000000000000000000000000000000000000000000000000000000000000000000000000000000000000000000000000000000000000000000000000000000000000000000000000000000000000000000000000000000000040D9FE3F95B3FBD6F91ADCBB0000000049454E44AE426082, null)
GO
GO
INSERT INTO [dbo].[act_ge_bytearray] ([ID_], [REV_], [NAME_], [DEPLOYMENT_ID_], [BYTES_], [GENERATED_]) VALUES (N'175046', N'1', N'请假流程.bpmn20.xml', N'175045', 0x3C3F786D6C2076657273696F6E3D22312E302220656E636F64696E673D225554462D38223F3E0A3C646566696E6974696F6E7320786D6C6E733D22687474703A2F2F7777772E6F6D672E6F72672F737065632F42504D4E2F32303130303532342F4D4F44454C2220786D6C6E733A7873693D22687474703A2F2F7777772E77332E6F72672F323030312F584D4C536368656D612D696E7374616E63652220786D6C6E733A7873643D22687474703A2F2F7777772E77332E6F72672F323030312F584D4C536368656D612220786D6C6E733A61637469766974693D22687474703A2F2F61637469766974692E6F72672F62706D6E2220786D6C6E733A62706D6E64693D22687474703A2F2F7777772E6F6D672E6F72672F737065632F42504D4E2F32303130303532342F44492220786D6C6E733A6F6D6764633D22687474703A2F2F7777772E6F6D672E6F72672F737065632F44442F32303130303532342F44432220786D6C6E733A6F6D6764693D22687474703A2F2F7777772E6F6D672E6F72672F737065632F44442F32303130303532342F44492220747970654C616E67756167653D22687474703A2F2F7777772E77332E6F72672F323030312F584D4C536368656D61222065787072657373696F6E4C616E67756167653D22687474703A2F2F7777772E77332E6F72672F313939392F585061746822207461726765744E616D6573706163653D22687474703A2F2F7777772E61637469766974692E6F72672F70726F63657373646566223E0A20203C70726F636573732069643D2270726F636573735F6C6561766522206E616D653D22E8AFB7E58187E6B581E7A88B2220697345786563757461626C653D2274727565223E0A202020203C73746172744576656E742069643D22737461727422206E616D653D227374617274223E3C2F73746172744576656E743E0A202020203C757365725461736B2069643D22757365723122206E616D653D22E7BB8FE79086E5AEA1E689B9223E0A2020202020203C657874656E73696F6E456C656D656E74733E0A20202020202020203C61637469766974693A7461736B4C697374656E6572206576656E743D226372656174652220636C6173733D22636F6D2E6C656E2E6163746C697374656E65722E4163744E6F64654C697374656E6572223E3C2F61637469766974693A7461736B4C697374656E65723E0A2020202020203C2F657874656E73696F6E456C656D656E74733E0A202020203C2F757365725461736B3E0A202020203C73657175656E6365466C6F772069643D227369642D30443235384332342D314631392D343233332D413937362D4130443843423944414541432220736F757263655265663D22737461727422207461726765745265663D227573657231223E3C2F73657175656E6365466C6F773E0A202020203C757365725461736B2069643D22757365723222206E616D653D22E4BABAE4BA8BE5AEA1E689B9223E0A2020202020203C657874656E73696F6E456C656D656E74733E0A20202020202020203C61637469766974693A7461736B4C697374656E6572206576656E743D226372656174652220636C6173733D22636F6D2E6C656E2E6163746C697374656E65722E4163744E6F64654C697374656E6572223E3C2F61637469766974693A7461736B4C697374656E65723E0A2020202020203C2F657874656E73696F6E456C656D656E74733E0A202020203C2F757365725461736B3E0A202020203C6578636C7573697665476174657761792069643D227369642D35353636443037362D414234432D344134322D393938462D323533373738394638313831223E3C2F6578636C7573697665476174657761793E0A202020203C73657175656E6365466C6F772069643D227369642D33334642463234452D464537302D343730412D394442352D3942313838314531333834372220736F757263655265663D22757365723222207461726765745265663D227369642D35353636443037362D414234432D344134322D393938462D323533373738394638313831223E3C2F73657175656E6365466C6F773E0A202020203C6578636C7573697665476174657761792069643D227369642D42453337324431342D463530392D344544422D383745382D374232313037383335414535223E3C2F6578636C7573697665476174657761793E0A202020203C757365725461736B2069643D227573657222206E616D653D22E8B083E695B4223E0A2020202020203C657874656E73696F6E456C656D656E74733E0A20202020202020203C61637469766974693A7461736B4C697374656E6572206576656E743D226372656174652220636C6173733D22636F6D2E6C656E2E6163746C697374656E65722E4C656176654C697374656E6572496D706C223E3C2F61637469766974693A7461736B4C697374656E65723E0A2020202020203C2F657874656E73696F6E456C656D656E74733E0A202020203C2F757365725461736B3E0A202020203C656E644576656E742069643D22656E6422206E616D653D22656E64223E3C2F656E644576656E743E0A202020203C73657175656E6365466C6F772069643D227369642D35343537313339312D463242332D344342342D383041302D3039324441303237373341372220736F757263655265663D22757365723122207461726765745265663D227369642D42453337324431342D463530392D344544422D383745382D374232313037383335414535223E3C2F73657175656E6365466C6F773E0A202020203C73657175656E6365466C6F772069643D227369642D41453541454438342D303734362D343738372D393836462D36413739323743333443333422206E616D653D22E5908CE6848F2220736F757263655265663D227369642D42453337324431342D463530392D344544422D383745382D37423231303738333541453522207461726765745265663D227573657232223E0A2020202020203C636F6E646974696F6E45787072657373696F6E207873693A747970653D2274466F726D616C45787072657373696F6E223E3C215B43444154415B247B666C61673D3D747275657D5D5D3E3C2F636F6E646974696F6E45787072657373696F6E3E0A202020203C2F73657175656E6365466C6F773E0A202020203C73657175656E6365466C6F772069643D227369642D34373638373538312D333535422D343335342D383433432D43333034323333323836414622206E616D653D22E5908CE6848F2220736F757263655265663D227369642D35353636443037362D414234432D344134322D393938462D32353337373839463831383122207461726765745265663D22656E64223E0A2020202020203C636F6E646974696F6E45787072657373696F6E207873693A747970653D2274466F726D616C45787072657373696F6E223E3C215B43444154415B247B666C61673D3D747275657D5D5D3E3C2F636F6E646974696F6E45787072657373696F6E3E0A202020203C2F73657175656E6365466C6F773E0A202020203C73657175656E6365466C6F772069643D227369642D46423539344242452D383030352D344544432D423343382D39373831454432323643393522206E616D653D22E4B88DE5908CE6848F2220736F757263655265663D227369642D35353636443037362D414234432D344134322D393938462D32353337373839463831383122207461726765745265663D2275736572223E0A2020202020203C636F6E646974696F6E45787072657373696F6E207873693A747970653D2274466F726D616C45787072657373696F6E223E3C215B43444154415B247B666C61673D3D66616C73657D5D5D3E3C2F636F6E646974696F6E45787072657373696F6E3E0A202020203C2F73657175656E6365466C6F773E0A202020203C73657175656E6365466C6F772069643D227369642D39394343413337462D413233352D343835332D383437322D44453233334144324544333222206E616D653D22E9878DE696B0E794B3E8AFB72220736F757263655265663D227573657222207461726765745265663D227573657231223E0A2020202020203C636F6E646974696F6E45787072657373696F6E207873693A747970653D2274466F726D616C45787072657373696F6E223E3C215B43444154415B247B666C61673D3D747275657D5D5D3E3C2F636F6E646974696F6E45787072657373696F6E3E0A202020203C2F73657175656E6365466C6F773E0A202020203C73657175656E6365466C6F772069643D227369642D35313046453036322D433042432D343643382D394231372D38413338303732413242433622206E616D653D22E4B88DE5908CE6848F2220736F757263655265663D227369642D42453337324431342D463530392D344544422D383745382D37423231303738333541453522207461726765745265663D2275736572223E0A2020202020203C636F6E646974696F6E45787072657373696F6E207873693A747970653D2274466F726D616C45787072657373696F6E223E3C215B43444154415B247B666C61673D3D66616C73657D5D5D3E3C2F636F6E646974696F6E45787072657373696F6E3E0A202020203C2F73657175656E6365466C6F773E0A202020203C73657175656E6365466C6F772069643D227369642D30344339463239412D304242352D343639312D383034432D37363445344530413237313622206E616D653D22E58F96E6B688E8AFB7E581872220736F757263655265663D227573657222207461726765745265663D22656E64223E0A2020202020203C636F6E646974696F6E45787072657373696F6E207873693A747970653D2274466F726D616C45787072657373696F6E223E3C215B43444154415B247B666C61673D3D66616C73657D5D5D3E3C2F636F6E646974696F6E45787072657373696F6E3E0A202020203C2F73657175656E6365466C6F773E0A20203C2F70726F636573733E0A20203C62706D6E64693A42504D4E4469616772616D2069643D2242504D4E4469616772616D5F70726F636573735F6C65617665223E0A202020203C62706D6E64693A42504D4E506C616E652062706D6E456C656D656E743D2270726F636573735F6C65617665222069643D2242504D4E506C616E655F70726F636573735F6C65617665223E0A2020202020203C62706D6E64693A42504D4E53686170652062706D6E456C656D656E743D227374617274222069643D2242504D4E53686170655F7374617274223E0A20202020202020203C6F6D6764633A426F756E6473206865696768743D2233302E303030303030303030303030303037222077696474683D2232392E3939393939393939393939393939332220783D2234352E30303030303030303030303030312220793D2235342E3939393939373335303930343633223E3C2F6F6D6764633A426F756E64733E0A2020202020203C2F62706D6E64693A42504D4E53686170653E0A2020202020203C62706D6E64693A42504D4E53686170652062706D6E456C656D656E743D227573657231222069643D2242504D4E53686170655F7573657231223E0A20202020202020203C6F6D6764633A426F756E6473206865696768743D2238302E30222077696474683D2239392E39393939393939393939393939372220783D223135302E30303030303030303030303030332220793D2232392E3939393939373335303930343634223E3C2F6F6D6764633A426F756E64733E0A2020202020203C2F62706D6E64693A42504D4E53686170653E0A2020202020203C62706D6E64693A42504D4E53686170652062706D6E456C656D656E743D227573657232222069643D2242504D4E53686170655F7573657232223E0A20202020202020203C6F6D6764633A426F756E6473206865696768743D2238302E30222077696474683D2239392E39393939393939393939393938392220783D223435342E353435343431333138323233322220793D2232392E393939393936343536383335303633223E3C2F6F6D6764633A426F756E64733E0A2020202020203C2F62706D6E64693A42504D4E53686170653E0A2020202020203C62706D6E64693A42504D4E53686170652062706D6E456C656D656E743D227369642D35353636443037362D414234432D344134322D393938462D323533373738394638313831222069643D2242504D4E53686170655F7369642D35353636443037362D414234432D344134322D393938462D323533373738394638313831223E0A20202020202020203C6F6D6764633A426F756E6473206865696768743D2233392E3939393939393939393939393939222077696474683D2234302E302220783D223636302E303030303030303030303030312220793D2234392E3939393939373335303930343634223E3C2F6F6D6764633A426F756E64733E0A2020202020203C2F62706D6E64693A42504D4E53686170653E0A2020202020203C62706D6E64693A42504D4E53686170652062706D6E456C656D656E743D227369642D42453337324431342D463530392D344544422D383745382D374232313037383335414535222069643D2242504D4E53686170655F7369642D42453337324431342D463530392D344544422D383745382D374232313037383335414535223E0A20202020202020203C6F6D6764633A426F756E6473206865696768743D2233392E3939393939393939393939393939222077696474683D2234302E302220783D223331352E303030303030303030303030312220793D2234392E3939393939373335303930343634223E3C2F6F6D6764633A426F756E64733E0A2020202020203C2F62706D6E64693A42504D4E53686170653E0A2020202020203C62706D6E64693A42504D4E53686170652062706D6E456C656D656E743D2275736572222069643D2242504D4E53686170655F75736572223E0A20202020202020203C6F6D6764633A426F756E6473206865696768743D2237392E3939393939393939393939393937222077696474683D223130302E30303030303030303030303032332220783D223238352E30303030303030303030303030362220793D223139352E3030303030303030303030303033223E3C2F6F6D6764633A426F756E64733E0A2020202020203C2F62706D6E64693A42504D4E53686170653E0A2020202020203C62706D6E64693A42504D4E53686170652062706D6E456C656D656E743D22656E64222069643D2242504D4E53686170655F656E64223E0A20202020202020203C6F6D6764633A426F756E6473206865696768743D2232372E393939393939393939393939393933222077696474683D2232382E302220783D223832352E303030303030303030303030322220793D2235352E3939393939373335303930343634223E3C2F6F6D6764633A426F756E64733E0A2020202020203C2F62706D6E64693A42504D4E53686170653E0A2020202020203C62706D6E64693A42504D4E456467652062706D6E456C656D656E743D227369642D30344339463239412D304242352D343639312D383034432D373634453445304132373136222069643D2242504D4E456467655F7369642D30344339463239412D304242352D343639312D383034432D373634453445304132373136223E0A20202020202020203C6F6D6764693A776179706F696E7420783D223333352E30303030303030303030303031372220793D223237352E30223E3C2F6F6D6764693A776179706F696E743E0A20202020202020203C6F6D6764693A776179706F696E7420783D223333352E30303030303030303030303031372220793D223332312E30223E3C2F6F6D6764693A776179706F696E743E0A20202020202020203C6F6D6764693A776179706F696E7420783D223833392E303030303030303030303030322220793D223332312E30223E3C2F6F6D6764693A776179706F696E743E0A20202020202020203C6F6D6764693A776179706F696E7420783D223833392E303030303030303030303030322220793D2238332E3939393939373335303930343634223E3C2F6F6D6764693A776179706F696E743E0A2020202020203C2F62706D6E64693A42504D4E456467653E0A2020202020203C62706D6E64693A42504D4E456467652062706D6E456C656D656E743D227369642D35313046453036322D433042432D343643382D394231372D384133383037324132424336222069643D2242504D4E456467655F7369642D35313046453036322D433042432D343643382D394231372D384133383037324132424336223E0A20202020202020203C6F6D6764693A776179706F696E7420783D223333352E343432303733313731363637352220793D2238392E3535373932343137393233373233223E3C2F6F6D6764693A776179706F696E743E0A20202020202020203C6F6D6764693A776179706F696E7420783D223333352E313231353830353435313534372220793D223139352E3030303030303030303030303033223E3C2F6F6D6764693A776179706F696E743E0A2020202020203C2F62706D6E64693A42504D4E456467653E0A2020202020203C62706D6E64693A42504D4E456467652062706D6E456C656D656E743D227369642D30443235384332342D314631392D343233332D413937362D413044384342394441454143222069643D2242504D4E456467655F7369642D30443235384332342D314631392D343233332D413937362D413044384342394441454143223E0A20202020202020203C6F6D6764693A776179706F696E7420783D2237352E302220793D2236392E3939393939373335303930343634223E3C2F6F6D6764693A776179706F696E743E0A20202020202020203C6F6D6764693A776179706F696E7420783D223135302E30303030303030303030303030332220793D2236392E3939393939373335303930343634223E3C2F6F6D6764693A776179706F696E743E0A2020202020203C2F62706D6E64693A42504D4E456467653E0A2020202020203C62706D6E64693A42504D4E456467652062706D6E456C656D656E743D227369642D39394343413337462D413233352D343835332D383437322D444532333341443245443332222069643D2242504D4E456467655F7369642D39394343413337462D413233352D343835332D383437322D444532333341443245443332223E0A20202020202020203C6F6D6764693A776179706F696E7420783D223238352E30303030303030303030303030362220793D223233352E30303030303030303030303031223E3C2F6F6D6764693A776179706F696E743E0A20202020202020203C6F6D6764693A776179706F696E7420783D223230302E302220793D223233352E30303030303030303030303031223E3C2F6F6D6764693A776179706F696E743E0A20202020202020203C6F6D6764693A776179706F696E7420783D223230302E302220793D223130392E3939393939373335303930343634223E3C2F6F6D6764693A776179706F696E743E0A2020202020203C2F62706D6E64693A42504D4E456467653E0A2020202020203C62706D6E64693A42504D4E456467652062706D6E456C656D656E743D227369642D41453541454438342D303734362D343738372D393836462D364137393237433334433334222069643D2242504D4E456467655F7369642D41453541454438342D303734362D343738372D393836462D364137393237433334433334223E0A20202020202020203C6F6D6764693A776179706F696E7420783D223335342E353536333634373232353534352220793D2237302E34343336333236323833353032223E3C2F6F6D6764693A776179706F696E743E0A20202020202020203C6F6D6764693A776179706F696E7420783D223435342E353435343431333138323233322220793D2237302E3134373838353935303338353032223E3C2F6F6D6764693A776179706F696E743E0A2020202020203C2F62706D6E64693A42504D4E456467653E0A2020202020203C62706D6E64693A42504D4E456467652062706D6E456C656D656E743D227369642D46423539344242452D383030352D344544432D423343382D393738314544323236433935222069643D2242504D4E456467655F7369642D46423539344242452D383030352D344544432D423343382D393738314544323236433935223E0A20202020202020203C6F6D6764693A776179706F696E7420783D223638302E353030303030303030303030312220793D2238392E3439393939373335303930343634223E3C2F6F6D6764693A776179706F696E743E0A20202020202020203C6F6D6764693A776179706F696E7420783D223638302E353030303030303030303030312220793D223233352E3030303030303030303030303036223E3C2F6F6D6764693A776179706F696E743E0A20202020202020203C6F6D6764693A776179706F696E7420783D223338352E303030303030303030303030332220793D223233352E3030303030303030303030303036223E3C2F6F6D6764693A776179706F696E743E0A2020202020203C2F62706D6E64693A42504D4E456467653E0A2020202020203C62706D6E64693A42504D4E456467652062706D6E456C656D656E743D227369642D33334642463234452D464537302D343730412D394442352D394231383831453133383437222069643D2242504D4E456467655F7369642D33334642463234452D464537302D343730412D394442352D394231383831453133383437223E0A20202020202020203C6F6D6764693A776179706F696E7420783D223535342E353435343431333138323233312220793D2237302E3134323037383834393533323231223E3C2F6F6D6764693A776179706F696E743E0A20202020202020203C6F6D6764693A776179706F696E7420783D223636302E3434333030353038333433392220793D2237302E3434333030323433343334333434223E3C2F6F6D6764693A776179706F696E743E0A2020202020203C2F62706D6E64693A42504D4E456467653E0A2020202020203C62706D6E64693A42504D4E456467652062706D6E456C656D656E743D227369642D35343537313339312D463242332D344342342D383041302D303932444130323737334137222069643D2242504D4E456467655F7369642D35343537313339312D463242332D344342342D383041302D303932444130323737334137223E0A20202020202020203C6F6D6764693A776179706F696E7420783D223235302E302220793D2237302E31383434393931393539323331223E3C2F6F6D6764693A776179706F696E743E0A20202020202020203C6F6D6764693A776179706F696E7420783D223331352E34323539323539323539323630342220793D2237302E3432353932333237363833303536223E3C2F6F6D6764693A776179706F696E743E0A2020202020203C2F62706D6E64693A42504D4E456467653E0A2020202020203C62706D6E64693A42504D4E456467652062706D6E456C656D656E743D227369642D34373638373538312D333535422D343335342D383433432D433330343233333238364146222069643D2242504D4E456467655F7369642D34373638373538312D333535422D343335342D383433432D433330343233333238364146223E0A20202020202020203C6F6D6764693A776179706F696E7420783D223639392E353630313236353832323738362220793D2237302E3433393837303736383632363135223E3C2F6F6D6764693A776179706F696E743E0A20202020202020203C6F6D6764693A776179706F696E7420783D223832352E303030303639363538383436312220793D2237302E3034343136313136393031353535223E3C2F6F6D6764693A776179706F696E743E0A2020202020203C2F62706D6E64693A42504D4E456467653E0A202020203C2F62706D6E64693A42504D4E506C616E653E0A20203C2F62706D6E64693A42504D4E4469616772616D3E0A3C2F646566696E6974696F6E733E, N'0')
GO
GO
INSERT INTO [dbo].[act_ge_bytearray] ([ID_], [REV_], [NAME_], [DEPLOYMENT_ID_], [BYTES_], [GENERATED_]) VALUES (N'175047', N'1', N'请假流程.process_leave.png', N'175045', 0x89504E470D0A1A0A0000000D494844520000035F0000014B0806000000299E36CD000022514944415478DAEDDD0D6C95F5D930709261A6C996B9C46533D9327DDF27C6EC5DF62C0B8B9A3D5B1AB3642EFA461665B5B4D3CE39D8BBA143D1CC290CA721F2E836223E09BA297ECC298418F4E97C414AE56B08EF607B1C823241104A058A5A1848E1E1E37EEFEBECDCCDE977694FDBD3D3DF2FF9A7A7E79C967A7BFDAFFF75DD5F67CC1800000000000000000000000000000000000000000000000000000000000000000000000000000000000000000000000000000000000000000000000000000000000000000000000000000000000000000000000000000000000000000000000000180E49928CDDB163C7A2F5EBD79F6A686848EAEBEB8D211CCB972F4F56AF5EFD5E3A6A4423C85FF2170094B1285CD6AC599334373727C78F1F3786611C38702059B56AD5A1B490B9564482FC257F0140998A3DC60A979228608ED7D7D7BF292241FE92BF00A04CC5A93A8A87D21869F172424482FC257F0140998AF3F6150E2553BC242212E42FF90B004679F172E4E0DE64C78627922DCBEFCD8D781CCF293A142F207F19F2170014A97839DCD2946C7E7946F2B797EE6837E2B9784DE1A17801F94BFE1291005084E2A571CB7F762A5CB2B1674B9DC243F102F297FC257F0140318A973757FC7BB7C54BBCA6F050BC80FC257F8948002842F1B2B9FE9E6E8B97784DE1A17801F94BFE129100A07851BC80FC257FC95F0030328A97B83B5877C54BBCA6F050BC80FC257F8948002842F1B26DED7F745BBCC46B0A0FC50BC85FF29788048022142FEF376D4A362F9BD9F9949DF4B9784DE1A17801F94BFE1291005084E225C6CE8D4F772A5EE2394587E205E42F43FE028062152FC78E25DB5E9DD7F9949DF4B9784DE1A17801F94BFE12910030C0E2E5704B53F2D6DA87BBBD66225E8BF7283E142F207FC95F00407F8A9763C792BDDB5E495E5F7A57B7854B36E23DF15E7B91152F207FC95F00C019142FBDED2DB61759F102F297217F0140118A97BEEC2DEE692FB24244F15262CEB509E42FF94BFE428E0528C9E2A5BF854B3614228A971272453A92FC57E42FF94BFE428E0528ADE2C550BC9489F1E96849C783E938908EEB6C12F9CB90BF906301142F86E2A5B86AF3C54045FEFB2FE7BFBFC9A691BF0CF90B391640F1A27851BC14B72818D7E179C581FC65C85FC8B1008A1743F1522477A6A3311D9776F3FAC5E9D8998E293695FC65C85FC8B1302A5555559D57595939E5BAEBAEFB7D3A36A4E3703A9274B4A6CFFF57FAFA73E9E3DB274C98F0195B4BF1A278A11BF7E48B820B7A79DF67D3F17A3AE6A563ACCD267F19F217722C7A855121DD4817545757FFF6FAEBAF7F6FC68C19DB5E78E18577B76CD9D2DCDADA7A22491D3D7A74CFD6AD5BB72F5CB870E5B469D3D6A41BF6BDF467E6A51BF65F6C3DC58BE2850273FA581464E2D6C81BD2F17BC581FC65C85FC8B1946EAF10B57F3A0EE49BADDE46AB5EA11B69C375673A8E2C58B0A0F5C30F3F4CFA226DCA5AE7CD9B579F6ED483E9986E2B2A5E142FA47E978EFF4AC799EEED8AE2A03E1D4F280EE42F43FE428EA5E41AAFDB0B8E709DE938A157C84B3BD18F4D993265DDFDF7DF7FACB9B939E98FF7DE7BEFD0CD37DFFCFFD28D5A575B5BEBC3FD142F8A97D1696C4151705E3F7FC7D9E958938EC5F9C7C85F86FC851CCB30F70A9595958B3B36543366CC48EAEAEA92DDBB7727FFF8C73F723D411CC0696A6A4A962E5D9ACC9A35ABAB266C74F70AF7DC73CFB93FFDE94F0F3CF5D453C9C9932793817AE8A1875EAFAAAAFA5B9C072A54152F8A97512516F1BA74ACE8C7DED8EE7E57BDE240FE32E42FE45886B7F1CA5FD3D5AEE97AEBADB7FAD41BBCF3CE3BC9BDF7DEDBAE01CB5F1336FA7A8568BCEEBCF3CEF7162D5A9414D3FCF9F3DF8E06CC1130C58BE26554ED8D5D52B0909F958E9A7EFEAE9AFCCFC7EF7C225F68C825F297217FC9B1722CC3D378AD286C9CA26FE8CF019BF8B9EAEAEA760DD8A8EB1566CD9AF5F779F3E62583E181071ED89A6ED845C256F1A278297B9138D7E50B836C0FEAFC7424F9AF67F5F1F79C55F0738F173CFFE098819D6283FC257F21C7CAB1F4435ACB3F91354BD138AD5DBB7640FDC1860D1B92EF7DEF7B8547C1464FAF90365DF74F9D3A35E9EB8D35CE546B6B6BF2FDEF7F7F4FDAD55E2774152F8A97B22E0A368C697FF1764D7E71CF46431FF6AA9E9B7F5FE1CFD574280EDE4C873B25C95F86FC25C7CAB10C4DE3756D5555D5C9AC515AB97265517A84F5EBD7773C05B1FC7B85152B567CEC965B6E3919DDE7607AFDF5D70F4F9C3871571CB214C28A17C54BD9F96C174541B677F5F10E8BFC1BE9B8B09BDFF33FF28B7EE1FB1FEF626F6E14073B1507F297217FC9B1722C83ABA2A2626CDA786DCF1AA4629F29F7D8638F1536603BCBBE5778FCF1C75FFCD5AF7E950C85E9D3A76F4EFFE74D15C68A17C54B59B9201DDBD271FF98EE6F57FCF3749C2E58EC9BD3715987F75C967F3E7BCFE9FCCF75677ABE38B8C0FF02F9CB90BFE4583996C19136443FCA9AA31B6FBCB1ED4E86C51267DEFDF0873F6C6BC0CABA5748FF7BCFBEFBEEBB4FF4F50E2503B57DFBF6E313274EDC248C152F8A97B22A0A6271BEAF0FEFFD6E3A5A0B16FED6FC73BDBDD6931FE58B127B67E52F43FE9263E55806A7F95A973546712BF9C110B7A22FBCF946D96ECC8D1B37FE9F3BEEB8A328B795EFAB9B6EBAE91D9F6A3D664CDAD5D7A7E3DF142F8A9791169305BE9C8E03E9B8F30C7EA6AB3DAF2F77B1C7F6D233F89DB5F9E2E4CB96C8D28A17F94BFE428E6564C764DA0C5D905DEB555B5B3BA8F78788A36A590356B6BDC2534F3DB5EA89279E4886D29C39735E8B4FC4B617A1EDD06A7DDAE15FAA7851BC8C9498EC5014DCD48F7F2AAE4578634CFB6B0EFA72AD424F6AF27FCF38CB69E9C48BFC257F21C732B263327D7E4AF6BE071E7860507B84B973E7165EFB559EBDC2ECD9B30FFDE52F7F19D2E66BE3C68D3BE3D3AC057CA74FF85ED2D5DE07C58BE2A5D46232F5CDFC22FCA301FC739F4FC7071D8A820FF2CFF7FB3F21FF777DD3925A1AF1227FC95FC8B18CEC988CDBBF17FB0E87DD895BD717FC2DE5D92BDC72CB2D27F6EEDD3BA4CDD7BE7DFB9AD30DDA28E03B057CDBDE87C2C057BC285E4A2C26CFCD2FE2F306F04F7575B7AD81EE95CDFC2EFF7B7C486809C48BFC257F21C732B26332FD7E5BF6FCEEDDBB07B547686A6A2AFC3BCAB357887337E31CCBA114FF5EBA415B057CD7015FB8F7210E012B5E142FA51693F9BD9E2DE9B8AA1FFF4C5FAF47B8AC1FBF3BFBBBAEB0A49646BCFCE10F7F903BE42FE45846704CA6E368F67DB1EF72D8D55D0F0BFEEDD6B2DDE8C3A10FFFB38DFC18EAE66BD9B265B9E41C13E0A5975E4AAEBFFEFAE4C5175F4CAEBCF2CADC8596C5FCB7E2DF898F39E8ED3DB7DF7E7BEEF1C2850B73CD7BF6FC33CF3C33E4C58B98FCE7C82FBE675A1C0CC69DB83A160557F9FF537A63389A8D88A3891327F6F9FD91E72EBAE8A2B2CE5F7D2CB60C39568E35BA1C43DD239465F375C30D379C1EEA235F478F1EDDE7C8578F0BE086CACACAABE203ED86E3B49D48CABFF9CD6F72CD57562864CFFFFCE73F6FFB7EDFBE7DC9E5975F9E2B58A288B8ECB2CB727F7F7C9F356C4F3FFD7472CE39E7B4FDCCAA55ABDABD7EFEF9E7275FFFFAD7738F633CFFFCF3C985175ED8E9EF890FDFCB1EC7EFCC1E473163CFF1D0C76487C5F8701F8B83BBC6F47EB7AD33FD0C9A4C7F8A1486205E86F3C87DC450E4A8AE5E8BDC76C92597E446613E8A91E5A3F9F3E7E77EC79E3D7BE42FE4583976D4C664FAF8B0235F4574F3CD371F1FEA6BBEDE7DF7DDBFBBE6ABCB80EF32F90E65F1B278F1E2B6236D91987FF6B39FB53DFECE77BED3E9FD3149E2B5384296BD2F2B58A24089A6EC739FFB5CBB42A4B0E088EFEFBBEFBEB6EFCF3AEBACB6066FE7CE9DB98226DEF38D6F7C2357B4C4E3AD5BB7B6FDECA64D9B725F1F7AE821C5CB10C664777B43BB79FDAC74CC1FD3F76B0EBABA4BD7FCFCEFE94ADC79EB80A2A034E365B89BAF4F7DEA53DDBE1EF96BDBB66DC9B7BEF5AD4ECDD7A2458B928B2FBEB8D3EF93BF9063196D31E99AAF229B3163C6B6F5EBD70F69F3F5F2CB2FFF5F773B6C17F0EBAAAAAAC677977C87AA78C90A81D87B3BA6E028573C5EB26449AEE888C72B56ACE854904491913DDEBC7973EEEBB3CF3E1B8D76EE71636363EEF5C3870F270D0D0D6D7B8AE3B5F84C87781CCD5D346C5D1550857B8E3FFDE94FB79D1A197B99636FB43DC7431B9367B857B4A6C322DF30A6F70BB5CFCDBFAFF0E7AABB294A62AFF0784B6869C6CB70355F71642BE2E6A31FFD688FEF8B26EBE31FFF78A7E6EBBCF3CEEBB4C349FE428E6534C6A4BB1D16D9830F3EF8582C0C4369E6CC992FF99CAF5C30F7658FD790152F2D2D2DB9066CDDBA75C957BEF2955C13F5894F7C22F77DF69E5DBB76E592741C213B74E8505B011231F4F0C30FE71E473133A69B235F590112EFE9D8B8458317FF5E57C54BEC39DEB87163EE71F6F7C4E3F8379DB633F431D9437170784CD71762677B651FEF61EF6A577B731F2FF8B9EEF6062B0A4A385E86ABF98A3C11B1F3C94F7EB2DDE9D31D47E4A7181D9BAF2F7DE94B5D1EED97BF9063196D3139949FF33567CE9CF2FF9CAFE9D3A7FFCF2953A69C3A79F2E490DDEC70E2C4896FC7A7650BF9BE19CAE2251AAE2826A2B18A6221F640647B7963C45EE46C2F6EB627381277ECC9CD0A8AEC68571CF98AD7E3B49E8EC5C8D7BEF6B54E7B8EA3E8B9FAEAABDB1D898B0BD5E33DBFFDED6FBB2C7C5C335172B2CFA6B9A28B45BEBA9FBFB3A68B62C2F507F2579FAEF78A23F5F1B8A7530FB3C7D170C5C86EBE113FD7B17193BF9063196DAAABAB3F9BD6ED27A2214A1F27EFBFFFFEA034087110A0A6A6E67441F355BEBDC26DB7DDB67DA83E68F9E5975F7E26DD986B847269162FF93D60C99A356B7245475698F4542814EEFD8D262C2B4AE2A8575C4BD1F1549CBE162F71438FB7DF7EBBD3698D85C54B76AA647641BCE2A524648BF660DD8AD8AD8EE5AF3E9D7218D79F66B962F6ECD9EDDE13D7647DFBDBDFCE8DAE6EB83163C68C64EAD4A96DA752CB5FC8B18C66F1B95F595314F5DD6078EEB9E70A8F7A9577AFF0831FFC60C2B469D34E0CC1D1AF96891327FE35FD1F58238C4BBB7889A2A0F02E613D355F715A4F9CA618D72EC411B3ECFD71E4ABABF7C7E9395D356E7121FA1B6FBCD1EB3513F1B765A7F0440115C54C4FA715295E86AD383830088BF7BF290AE4AFBEEC442ADCE9F3DA6BAFB5BBD360D6A0C528FC388DDEAEF992BF906319C5CDD7F8AC318AA35FC5BEF146FCBEB447385DF021CFE5DF2B4C9E3C79535D5DDDA0765E717D5974B2FD3CD759F132C823BB9EEB0B5FF842AE28282C4AE2F96BAEB9A6ED71345AD95EDDF85C9C38D5309AB5ECD6F359F1933D8E9B78F476D4ACE3885316B3D31A9F7CF2C97647E6B23DDB3367CEEC740B7CC54BC928F6DED3280AF68E711A8CFCD54BE3D555D3147B6AE3B574FD6977AA61D684659FC3951D998AA35D5D3553F217722CA3555AC3AFC89AA3DB6EBBAD68B79D8F9C3C6DDAB4938547BD4645AF10E755DE78E38D47DF7AEBAD4169BC366DDAF462FA6FEC4D3BD98B856FE9EF39CE8A92DEDE13C5C599BCFF4C8A9718D99D170B2F522FBC01C8500FC54BBFF6CE16A3385014C85F3D8EB8A36ADC49306E06D4DD7BE2A855E4908E7F531CB1CF6E051F1793CB5FC8B1D075AF908E035993143B9006DA8045E3356BD6ACC2EBBC0E8FAA5EA1A6A6A67AF2E4C91F36373717B5F1DAB367CF9F264E9CB8CBE98623ABF932142F25521C0CF6F50DC85FF21772AC1C4B1F5456565E97DD7C233B02D6DF5310E3E73A1CF14A4665AF505D5D7DE3A449930E17EB08581CF18AC62BFD9F75A79055BC285E46ADFE9E1EE38E5BF297217F21C75242D226A9B6B0018B6BC0E2D4EEB85B615FEF6A1837D728BCC62BC6A8EE15A2ABADA9A939F4C20B2F1C19C04D385A7EFDEB5F3F11A71AC6FF24A1AA7851BCD83B7B86C581BDB1F297217F21C752A2BD423A5A0A9BA768C2E2D4EDF820E638AA959D9218A716363535E53EBE68EEDCB9C90D37DC70AAF0E7E25443BDC23FBBDA0BD28EB461F2E4C9FBFEFAD7BF1E3D93CFF15AB66CD97369F3B6212E98738D97E245F14287BDB37DB94357C5987F7E98A8BDB1F297217F21C752A2BD42E12DE8FB39F40A5D6CD86BA309ABADAD6D9E3D7BF6963FFDE94FBBD2EE756FDC5C211C3D7A74DFBBEFBEFBF7E5CB97FFF19E7BEE599276BD3B62434607EBAE868A17C50BDDEC6DED69D18FA2202EFCB6174CFE32E42FE4584640AF906FC24E9C49D3A557E8457CBA75BA61A7A61B6A513A76A6A335BFF1E26B633AEAD2717B597F1AB5E245F1A27819ECE2A0AF7B6D91BF0CF90B3996D2EE154EE91550BC188A97D2F1CD0EC5415614380D46FE32E42FE45846B0CACACA4BB323616943A6D947F162285E4A44B67776CE187B63E52F43FE428EA55C9AAFC505A7186EB04550BC188A97D2117B6363BBDA1B2B7F19F217722C235CDA6C8DEB78FD57DA8C893F142F86E2A5849C6B13C85F86FC851C4B59345F755DDC6063839B6BA07831142FA593A86D57F9CB90BF906319F9B136AEBBBB1E5655558DB78550BC188A178501F297FC851C0BC589B5253DDC5E7E9D2D84E2C550BC280C90BFE42FE45818789C8DEBEDB3BE5CFB85E2C550BC280C90BFE42FE45818789CD5F5E1C395DDF910C58BA1785118207FC95FC8B120F640F1A278919C91BF0CF90B3916B1078A17C50B9233F297FC851C0B620FC58BA178919C91BF0CF94B8E9563117BA07851BC2039CB5F86FC851C8BD803C58BA178919C91BFE42FE458107B285E0CC58BE48CFC65C85FC8B1883D50BC285E909C91BFE42FE458C49ED843F162285E2467E42FF90B3916C41E285E142F9233F297217F21C722F640F162285E2467E42FF90B3916C41E8A1743F12239237F19F217722C620F06A2A1A141E1501AA3352D5E4E8848C919F94BFE428E05B147995ABD7AF5DEE6E666C5C3308FA6A6A60569F1F2A688949C91BFE42FE458107B94A9575E79E5EA952B571EDCBF7FFF5145C4F0EC318EC265F9F2E5BBD271AD88949C91BFE42FE458107B94B174D1BCAABEBE7E439C3612E7ED1B433A629BBFA970919C91BFE42FE458107B301226DF381310C919408E45EC01833FF9EA62025654548CB535909C01E458C41E30082A2B2B2F4D27DF89988055555557D82248CE00722C620F189CE66B714CBEFCD8608B203903C8B1883DA0F8936E5C76D42B1B693376952D83E40C20C722F680E24EBABAC2C62B3BFAE5DA2F2467003916B107146FC2753AEA958DAAAAAAF1B6109233801C8BD8038A33E19674D578E5C73A5B08C919408E45EC01039F6CDD1EF572ED179233801C8BD8038A37D9EA7A6ABCDCF910C919408E45EC0126206203408E05B10726206203003916B1079880880D003916C41E9880880D003916C41E9880880D00E458C41E6002223600E458107B60022236009063117B800988D8009063117B800988D800906341EC810988D800408E45EC0126206203408E05B10726206203003916B1072620880D003916B1079880880D003916C41E9880880D00E458C41E6002223600E458107B6002223600E458107B60022236009063117B800988D800906341EC810988D800408E45EC0126206203408E45EC0126206203408E05B10726206203003916B1079880880D003916C41E9880880D0039568E45EC8109086203408E45EC0126206203408E05B10726206203003916B1079880880D003916B127F6C004446C00C8B120F6C004446C0020C722F6001310B10120C782D8031310B101801C8BD8034C40C406801C8BD8034C40C406801C0B620F4C40C40600722C620F3001111B00722C883D3001111B00722C883D3001416C00C8B1883DC004446C00C8B120F6C004446C0020C722F6001310B10120C722F6001310B10120C782D8031310B101801C8BD8034C40C406801C0B620F4C40C40600722C620F4C401310B10120C722F6001310B10120C782D8031310B101801C8BD8034C40C406801C0B620F4C40C406801C0B620F4C40101B00722C620F3001111B00722C883D3001111B00C8B1883DC004446C00C8B1883DC004446C00C8B120F6C004446C0020C722F6001310B10120C782D8031310B101801C8BD8031310C406801C8BD8034C40C406801C0B620F4C40C40600722C620F3001111B00722C883D3001111B00722C883D3001111B6203408E45EC012620458E83BA88855EC6065B0AC0FA8BD8034C40061607E3D271A2A7E6ABB2B2F22A5B0AC0FA8BD8034C40061E0B4B7A68BED65554548CB59500ACBF883DC00464E0B130AEBBE6ABAAAA6ABC2D0460FD45EC012620C58B87AEAEFDDAE0A81780F517B107988014371E3A5DFBE55A2F00EB2F620F3001190469B3B5D8512F00EB2F620F300119FCE6EBD2826BBDAEB04500ACBF883DC00464F0E22277ED97A35E00D65FC41E600232B871314E6C00587F117B800958D2922419BB63C78E45EBD7AF3FD5D0D090D4D7D71B433C962F5F9EAC5EBDFABD74D48848C0FA0B620F4CC032158DD79A356B92E6E6E6E4F8F1E3C6308D03070E24AB56AD3A943662D78A4AC0FA0B620F4CC0321447BC345E25D3801DAFAFAF7F535402D65F107B600296A138D550E3533A236DBE4E884AC0FA0B620F4CC03214D71C697A4AAAF912E380F517C41E9880A3B9F93A72706FB263C313C996E5F7E6463C8EE7344C9A2FC0FA0B620F4C408AD47C1D6E694A36BF3C23F9DB4B77B41BF15CBCA669D27C01D65F107B60025284E6AB71CB7F766ABCB2B1674B9DA649F305587F41EC810948319AAF3757FC7BB7CD57BCA669D27C01D65F107B60025284E66B73FD3DDD365FF19AA649F305587F41EC810988E64BF30560FD45EC0126E0C868BEE2EE86DD355FF19AA649F305587F41EC810948119AAF6D6BFFA3DBE62B5ED33469BE00EB2F883D30012942F3F57ED3A664F3B2999D4F394C9F8BD7344D9A2FC0FA0B620F4C408AD07CC5D8B9F1E94ECD573CA761D27C01D65F107B600252ACE6EBD8B164DBABF33A9F72983E17AF699A345F80F517C41E98800CB0F93ADCD294BCB5F6E16EAFF98AD7E23D1A27CD1760FD05B1072620FD69BE8E1D4BF66E7B25797DE95DDD365ED988F7C47B1D05D37C01D65F107B60027206CD576F47BB1C05D37C01D65F107B60025284E6AB2F47BB7A3A0AA689D27C01D65F107B6002D287E6ABBF8D573634519A2FC0FA0B620F4C40FAD07C199A2F00EB2F620F4C401350F3A5F902B0FE22F6001350F36568BE00EB2F883D3001D17C69BE00ACBF883DC004D47C199A2FC0FA0B620F4C40CD97A1F902ACBF20F6C00444F3A5F902B0FE22F6001350F36568BE00EB2F883D3001355F9A2FCD1780F517B10798809A2FCD1780F517B10798809A2F43F305587F41EC810988E64BF30560FD45EC0126A0E6CBD07C01D65F107B600296918A8A8AB19A2FCD1780F517B107988083244992CFECD9B367DDDAB56B93E9D3A74FEBAE09D37C8DACE62B9D03E32A2B2B178B70C0FA8BD8034CC012B07BF7EE19ADADAD2792BC63C78EFDF782050BB6FDE4273FF95F9AAF91D97C45D3958EBA749C300F00EB2F620F300187D9912347FE75FFFEFDEF24DDD8B97367EBECD9B31FA9ADAD3D5BF335329AAF8E4D5736443B60FD45EC0126E03048FBAAB31B1B1B7F7FEAD4A9D3492F4E9F3E7D6AE9D2A5EFDD7AEBADFF5BF355BACD576565E5A5717A61C7A64BF305587F117B8009384CF6EFDF7FCDC183070F2567A8A5A5E5D8BC79F31AEAEAEA343D25D67C7575A44BF305587F117BC0904F40A3FD983B776E3452493F9AAFDCCFC6EF686A6A2AD966E4C08103917493458B16251F7EF861F2F9CF7F3EB9FCF2CB93EBAFBF3E375E7CF1C5DCEB1D7F2E9E9B3D7B76B7DF9778F36518865172431582E60B18F5AAABAB3F3B69D2A43FBEFAEAAB7B4F9F3E7DB22F8DD7C183079F9D3C79F28A38AD2D55F20DC99FFFFCE7E4FCF3CF4F5A5B5B734DD41B6FBC91FBFAF0C30FB73556D97BBFFAD5AFB63564F3E7CF4FCE3BEFBC64E3C68DB9EFAFBCF2CAB6D7E27794F26987DFFDEE77BF992E38EB14410068BE004A4C5555D5F85FFEF2978D2D2D2DCD3D5CEFB5F9D1471FFD5D9AC8B6C5FBE3E746DA355FD1383DFDF4D3B9AF151515C99A356BDA355FDBB66D4BA2A1CC9AAFCB2EBB2C89532B9F79E699B69F5FB870E188B9E146FAFFE98AF4FFD71ACD17009A2F80123261C2848F5557573FF4FCF3CF379F3A75EA6841DFD5BA7DFBF647D2D736575656CEA9ADAD3D37FB99526EBEF6ECD9933B5275CE39E7E49AACAC797AE49147DA9AAB38FA55D87CC5FB67CC98D1D6A47DE4231F49EEBBEFBE5C53139F7916CF478336D26E359F3F12B646F30580E60BA0B412D5B85B6FBD75D38E1D3B9A8E1E3DBAEAAEBBEE5A983F856D5CC7F796FA91AFEC54C3B4A16C6BBE3A9E2A59D87CEDDCB93377942B9EFBE217BF986BC6E2F9F7DF7F3FF75CDAC48CE80F59CE1F095B27CA01D07C0194888A8A8AB169A13E3592567C8DEFBB7ADF4838EDB0B0E18AC7CF3EFB6CAEA98AEBC0F6EDDBD7AEF9BAE4924B92975E7A29F75C1C39BBE8A28B72A71D3EF9E4936D37EF88113F37129B2F00D07C01947013D6D3EB23A5F9DABC797372E8D0A1B6530EB32359F17CD67C353636E6EE88188D5924EBF87AE18517263FFEF18F738FE3E859BCB7A1A161C41EF90200CD17C00835529AAF68BA2EBEF8E2B61B6CC44D33E26B9C6638A6C3ADE6E354C575EBD6E5BE6677378CAF71FD5776E30DCD170068BE00345F5D345F71DA607C8D235BF175D7AE5DC9B265CB3A5DF355F833AFBDF65AAEE98ACF061B491FB22C2A0140F30568BE86651C3E7C38D9BA756BEE14C3C2E7B3CFEF8ACFF6EAEA73BEA2619B397366EEB3BEEEBEFBEEDCF3591317D77F69BE0040F305A0F91AC0DD1147F2DFAFF90200CD17A0F932345F00A0F902D07C69BE0040F305A0F932345F00A0F902345F9A1ECD170068BE00345F9A2F00D07C0168BE0CCD170068BE00345F9A2F00D07C0168BE0CCD170068BE00CD97A1F90200CD1780E64BF305009A2F00CD97A1F90200CD1780E64BF305009A2F00CD97E6CB2203009A2F40F36568BE0040F305A0F9D27C0180E60B40F36568BE0040F30568BE0CCD170068BE00345F9A2F00D07C0168BE0CCD170068BE00345F9A2F00D07C0168BE0CCD170068BE00CD97A1F90200CD1780E64BF305009A2F00CD97A1F90200CD1780E64BF305009A2F80A1D5D0D0A0E9299DD19A365F2744250068BE8032B47AF5EABDCDCDCD1A9F12184D4D4D0BD2E6EB4D5109009A2FA00CBDF2CA2B57AF5CB9F2E0FEFDFB8F6A8086EF8857345ECB972FDF958E6B45250068BE80329516FC57D5D7D76F8853DEE29AA39138162F5E9C8CD4BF3DBFDDDFD4780180E60BA0A4EDDFBFFF9AB973E7266982BEC0D60000CD170083204992B33FF8E08396543269D2A43FDA2200A0F9026010343636FE3EC97BF5D5579BAAAAAAC6DB2A00A0F902A0888E1C39F2AFA74E9D3A9D1498356B56636D6DEDB9B60E0068BE0028927DFBF6ED483A3878F0E0BEEAEAEA876C1D00D07C015004BB77EF9E917463F1E2C5FBD2643DCE560200CD17000390F6579F3976ECD87F77D77C9D3E7DFAF8ADB7DEBAA9A2A262ACAD05009A2F00FA69CF9E3DEB925EECD8B1A3B1AAAA6AAAAD05009A2F00FA69EDDAB5BDF55E496B6BEBCA48D8B5B5B567DB6200A0F902A01F7EF18B5FFCA4A7D30EA3F7BAEBAEBB163AF205009A2F000668C182057FEFAEF3DABE7DFB2369B25EE79A2F00D07C01304013264CF897B4C96AEDE2661B9BABABAB37BBDB210068BE002892071F7CF0E1B4D93A55D87C3DF6D8638F575656CEB1750040F3054091C469854B972E6D2EF880E567D324BDADB6B6F65C5B0700345F0014D19429532E6F696939968E64D2A449CBABAAAAC6DB2A00A0F90260103CFAE8A34BE6CE9D9B5456562EB6350040F305C02089D30C2339C74D386C0D00D07C0120390300D67700C91900B0BE0320390380F51D00C91900B0BE0348CE0080F51D00C91900B0BE0348CE0080F51D00C91900ACEF0048CE0080F51D40720600ACEF0048CE0080F51D40720600ACEF00923300607D0740720600ACEF00923300607D0740720600EB3B00923300607D07909C0100EB3B00923300607D07909C0100EB3B0092330058DF01909C0100EB3B80E40C0058DF01909C01C0FA6E7D07909C0100EB3B80E40C0058DF01909C0100EB3B80E40C0058DF01909C01C0FA0EC0702767C3300CC330CA6FA872000000000000000000000000000000000000000000000000000000000080B2F3FF0129D09B7AF296E2D30000000049454E44AE426082, N'1')
GO
GO
INSERT INTO [dbo].[act_ge_bytearray] ([ID_], [REV_], [NAME_], [DEPLOYMENT_ID_], [BYTES_], [GENERATED_]) VALUES (N'175051', N'1', N'var-userLeave', null, 0xACED000573720018636F6D2E6C656E2E656E746974792E557365724C65617665000000000000000102000F4C0009626567696E54696D657400104C6A6176612F7574696C2F446174653B4C000863726561746542797400124C6A6176612F6C616E672F537472696E673B4C000A6372656174654461746571007E00014C0004646179737400134C6A6176612F6C616E672F496E74656765723B4C0007656E6454696D6571007E00014C0002696471007E00024C000B6F70696E696F6E4C6973747400104C6A6176612F7574696C2F4C6973743B4C001170726F63657373496E7374616E6365496471007E00024C0006726561736F6E71007E00024C000673746174757371007E00024C00087461736B4E616D6571007E00024C0008757064617465427971007E00024C000A7570646174654461746571007E00014C000675736572496471007E00024C0008757365724E616D6571007E000278707372000E6A6176612E7574696C2E44617465686A81014B5974190300007870770800000162E3C8A4007874002061346137343362666665393731316537623437323230316130363863363438327371007E0006770800000162E8C942B378737200116A6176612E6C616E672E496E746567657212E2A0A4F781873802000149000576616C7565787200106A6176612E6C616E672E4E756D62657286AC951D0B94E08B0200007870000000037371007E0006770800000162FD887000787400203530333032326231343537373131653862636631333039633233313566396161737200136A6176612E7574696C2E41727261794C6973747881D21D99C7619D03000149000473697A65787000000000770400000000787400043230313874000FE8AFB7E58187E58EBBE69785E6B8B87070707071007E00087400037A786D, null)
GO
GO
INSERT INTO [dbo].[act_ge_bytearray] ([ID_], [REV_], [NAME_], [DEPLOYMENT_ID_], [BYTES_], [GENERATED_]) VALUES (N'175053', N'1', N'hist.var-userLeave', null, 0xACED000573720018636F6D2E6C656E2E656E746974792E557365724C65617665000000000000000102000F4C0009626567696E54696D657400104C6A6176612F7574696C2F446174653B4C000863726561746542797400124C6A6176612F6C616E672F537472696E673B4C000A6372656174654461746571007E00014C0004646179737400134C6A6176612F6C616E672F496E74656765723B4C0007656E6454696D6571007E00014C0002696471007E00024C000B6F70696E696F6E4C6973747400104C6A6176612F7574696C2F4C6973743B4C001170726F63657373496E7374616E6365496471007E00024C0006726561736F6E71007E00024C000673746174757371007E00024C00087461736B4E616D6571007E00024C0008757064617465427971007E00024C000A7570646174654461746571007E00014C000675736572496471007E00024C0008757365724E616D6571007E000278707372000E6A6176612E7574696C2E44617465686A81014B5974190300007870770800000162E3C8A4007874002061346137343362666665393731316537623437323230316130363863363438327371007E0006770800000162E8C942B378737200116A6176612E6C616E672E496E746567657212E2A0A4F781873802000149000576616C7565787200106A6176612E6C616E672E4E756D62657286AC951D0B94E08B0200007870000000037371007E0006770800000162FD887000787400203530333032326231343537373131653862636631333039633233313566396161737200136A6176612E7574696C2E41727261794C6973747881D21D99C7619D03000149000473697A65787000000000770400000000787400043230313874000FE8AFB7E58187E58EBBE69785E6B8B87070707071007E00087400037A786D, null)
GO
GO
INSERT INTO [dbo].[act_ge_bytearray] ([ID_], [REV_], [NAME_], [DEPLOYMENT_ID_], [BYTES_], [GENERATED_]) VALUES (N'175054', N'1', N'hist.detail.var-userLeave', null, 0xACED000573720018636F6D2E6C656E2E656E746974792E557365724C65617665000000000000000102000F4C0009626567696E54696D657400104C6A6176612F7574696C2F446174653B4C000863726561746542797400124C6A6176612F6C616E672F537472696E673B4C000A6372656174654461746571007E00014C0004646179737400134C6A6176612F6C616E672F496E74656765723B4C0007656E6454696D6571007E00014C0002696471007E00024C000B6F70696E696F6E4C6973747400104C6A6176612F7574696C2F4C6973743B4C001170726F63657373496E7374616E6365496471007E00024C0006726561736F6E71007E00024C000673746174757371007E00024C00087461736B4E616D6571007E00024C0008757064617465427971007E00024C000A7570646174654461746571007E00014C000675736572496471007E00024C0008757365724E616D6571007E000278707372000E6A6176612E7574696C2E44617465686A81014B5974190300007870770800000162E3C8A4007874002061346137343362666665393731316537623437323230316130363863363438327371007E0006770800000162E8C942B378737200116A6176612E6C616E672E496E746567657212E2A0A4F781873802000149000576616C7565787200106A6176612E6C616E672E4E756D62657286AC951D0B94E08B0200007870000000037371007E0006770800000162FD887000787400203530333032326231343537373131653862636631333039633233313566396161737200136A6176612E7574696C2E41727261794C6973747881D21D99C7619D03000149000473697A65787000000000770400000000787400043230313874000FE8AFB7E58187E58EBBE69785E6B8B87070707071007E00087400037A786D, null)
GO
GO
INSERT INTO [dbo].[act_ge_bytearray] ([ID_], [REV_], [NAME_], [DEPLOYMENT_ID_], [BYTES_], [GENERATED_]) VALUES (N'175061', N'2', N'var-leaveOpinionList', null, 0xACED0005737200136A6176612E7574696C2E41727261794C6973747881D21D99C7619D03000149000473697A657870000000027704000000027372001B636F6D2E6C656E2E656E746974792E4C656176654F70696E696F6E1956BF801DDE60870200065A0004666C61674C000A63726561746554696D657400104C6A6176612F7574696C2F446174653B4C00046F7049647400124C6A6176612F6C616E672F537472696E673B4C00066F704E616D6571007E00044C00076F70696E696F6E71007E00044C00067461736B496471007E00047870007372000E6A6176612E7574696C2E44617465686A81014B5974190300007870770800000162E8CA125978740020323231316665633365313763313165373935656432303161303638633634383274000A546F6D2043757269736574001BE697B6E997B4E5A4AAE995BFEFBC8CE585ACE58FB8E5A4AAE5BF997400063137353035377371007E0002017371007E0006770800000162E8CB70FB78740020323231316665633365313763313165373935656432303161303638633634383274000A546F6D20437572697365740006E5908CE6848F74000631373530373378, null)
GO
GO
INSERT INTO [dbo].[act_ge_bytearray] ([ID_], [REV_], [NAME_], [DEPLOYMENT_ID_], [BYTES_], [GENERATED_]) VALUES (N'175063', N'2', N'hist.var-leaveOpinionList', null, 0xACED0005737200136A6176612E7574696C2E41727261794C6973747881D21D99C7619D03000149000473697A657870000000027704000000027372001B636F6D2E6C656E2E656E746974792E4C656176654F70696E696F6E1956BF801DDE60870200065A0004666C61674C000A63726561746554696D657400104C6A6176612F7574696C2F446174653B4C00046F7049647400124C6A6176612F6C616E672F537472696E673B4C00066F704E616D6571007E00044C00076F70696E696F6E71007E00044C00067461736B496471007E00047870007372000E6A6176612E7574696C2E44617465686A81014B5974190300007870770800000162E8CA125978740020323231316665633365313763313165373935656432303161303638633634383274000A546F6D2043757269736574001BE697B6E997B4E5A4AAE995BFEFBC8CE585ACE58FB8E5A4AAE5BF997400063137353035377371007E0002017371007E0006770800000162E8CB70FB78740020323231316665633365313763313165373935656432303161303638633634383274000A546F6D20437572697365740006E5908CE6848F74000631373530373378, null)
GO
GO
INSERT INTO [dbo].[act_ge_bytearray] ([ID_], [REV_], [NAME_], [DEPLOYMENT_ID_], [BYTES_], [GENERATED_]) VALUES (N'175064', N'1', N'hist.detail.var-leaveOpinionList', null, 0xACED0005737200136A6176612E7574696C2E41727261794C6973747881D21D99C7619D03000149000473697A657870000000017704000000017372001B636F6D2E6C656E2E656E746974792E4C656176654F70696E696F6E1956BF801DDE60870200065A0004666C61674C000A63726561746554696D657400104C6A6176612F7574696C2F446174653B4C00046F7049647400124C6A6176612F6C616E672F537472696E673B4C00066F704E616D6571007E00044C00076F70696E696F6E71007E00044C00067461736B496471007E00047870007372000E6A6176612E7574696C2E44617465686A81014B5974190300007870770800000162E8CA125978740020323231316665633365313763313165373935656432303161303638633634383274000A546F6D2043757269736574001BE697B6E997B4E5A4AAE995BFEFBC8CE585ACE58FB8E5A4AAE5BF9974000631373530353778, null)
GO
GO
INSERT INTO [dbo].[act_ge_bytearray] ([ID_], [REV_], [NAME_], [DEPLOYMENT_ID_], [BYTES_], [GENERATED_]) VALUES (N'175076', N'1', N'hist.detail.var-leaveOpinionList', null, 0xACED0005737200136A6176612E7574696C2E41727261794C6973747881D21D99C7619D03000149000473697A657870000000027704000000027372001B636F6D2E6C656E2E656E746974792E4C656176654F70696E696F6E1956BF801DDE60870200065A0004666C61674C000A63726561746554696D657400104C6A6176612F7574696C2F446174653B4C00046F7049647400124C6A6176612F6C616E672F537472696E673B4C00066F704E616D6571007E00044C00076F70696E696F6E71007E00044C00067461736B496471007E00047870007372000E6A6176612E7574696C2E44617465686A81014B5974190300007870770800000162E8CA125978740020323231316665633365313763313165373935656432303161303638633634383274000A546F6D2043757269736574001BE697B6E997B4E5A4AAE995BFEFBC8CE585ACE58FB8E5A4AAE5BF997400063137353035377371007E0002017371007E0006770800000162E8CB70FB78740020323231316665633365313763313165373935656432303161303638633634383274000A546F6D20437572697365740006E5908CE6848F74000631373530373378, null)
GO
GO

-- ----------------------------
-- Table structure for act_ge_property
-- ----------------------------
DROP TABLE [dbo].[act_ge_property]
GO
CREATE TABLE [dbo].[act_ge_property] (
[NAME_] nvarchar(64) NOT NULL ,
[VALUE_] nvarchar(300) NULL ,
[REV_] int NULL 
)


GO

-- ----------------------------
-- Records of act_ge_property
-- ----------------------------
INSERT INTO [dbo].[act_ge_property] ([NAME_], [VALUE_], [REV_]) VALUES (N'next.dbid', N'207501', N'84')
GO
GO
INSERT INTO [dbo].[act_ge_property] ([NAME_], [VALUE_], [REV_]) VALUES (N'schema.history', N'create(5.22.0.0)', N'1')
GO
GO
INSERT INTO [dbo].[act_ge_property] ([NAME_], [VALUE_], [REV_]) VALUES (N'schema.version', N'5.22.0.0', N'1')
GO
GO

-- ----------------------------
-- Table structure for act_hi_actinst
-- ----------------------------
DROP TABLE [dbo].[act_hi_actinst]
GO
CREATE TABLE [dbo].[act_hi_actinst] (
[ID_] nvarchar(64) NOT NULL ,
[PROC_DEF_ID_] nvarchar(64) NOT NULL ,
[PROC_INST_ID_] nvarchar(64) NOT NULL ,
[EXECUTION_ID_] nvarchar(64) NOT NULL ,
[ACT_ID_] nvarchar(255) NOT NULL ,
[TASK_ID_] nvarchar(64) NULL ,
[CALL_PROC_INST_ID_] nvarchar(64) NULL ,
[ACT_NAME_] nvarchar(255) NULL ,
[ACT_TYPE_] nvarchar(255) NOT NULL ,
[ASSIGNEE_] nvarchar(255) NULL ,
[START_TIME_] datetime2(3) NOT NULL ,
[END_TIME_] datetime2(3) NULL ,
[DURATION_] bigint NULL ,
[TENANT_ID_] nvarchar(255) NULL 
)


GO

-- ----------------------------
-- Records of act_hi_actinst
-- ----------------------------
INSERT INTO [dbo].[act_hi_actinst] ([ID_], [PROC_DEF_ID_], [PROC_INST_ID_], [EXECUTION_ID_], [ACT_ID_], [TASK_ID_], [CALL_PROC_INST_ID_], [ACT_NAME_], [ACT_TYPE_], [ASSIGNEE_], [START_TIME_], [END_TIME_], [DURATION_], [TENANT_ID_]) VALUES (N'122506', N'leave_process:1:120011', N'122505', N'122505', N'start', null, null, N'start', N'startEvent', null, N'2018-01-24 23:06:38.000', N'2018-01-24 23:06:38.000', N'67', N'')
GO
GO
INSERT INTO [dbo].[act_hi_actinst] ([ID_], [PROC_DEF_ID_], [PROC_INST_ID_], [EXECUTION_ID_], [ACT_ID_], [TASK_ID_], [CALL_PROC_INST_ID_], [ACT_NAME_], [ACT_TYPE_], [ASSIGNEE_], [START_TIME_], [END_TIME_], [DURATION_], [TENANT_ID_]) VALUES (N'122507', N'leave_process:1:120011', N'122505', N'122505', N'user1', N'122508', null, N'经理审批', N'userTask', null, N'2018-01-24 23:06:38.000', null, null, N'')
GO
GO
INSERT INTO [dbo].[act_hi_actinst] ([ID_], [PROC_DEF_ID_], [PROC_INST_ID_], [EXECUTION_ID_], [ACT_ID_], [TASK_ID_], [CALL_PROC_INST_ID_], [ACT_NAME_], [ACT_TYPE_], [ASSIGNEE_], [START_TIME_], [END_TIME_], [DURATION_], [TENANT_ID_]) VALUES (N'130010', N'leave_process:1:120011', N'130009', N'130009', N'start', null, null, N'start', N'startEvent', null, N'2018-01-24 23:47:12.000', N'2018-01-24 23:47:12.000', N'3', N'')
GO
GO
INSERT INTO [dbo].[act_hi_actinst] ([ID_], [PROC_DEF_ID_], [PROC_INST_ID_], [EXECUTION_ID_], [ACT_ID_], [TASK_ID_], [CALL_PROC_INST_ID_], [ACT_NAME_], [ACT_TYPE_], [ASSIGNEE_], [START_TIME_], [END_TIME_], [DURATION_], [TENANT_ID_]) VALUES (N'130011', N'leave_process:1:120011', N'130009', N'130009', N'user1', N'130012', null, N'经理审批', N'userTask', null, N'2018-01-24 23:47:12.000', null, null, N'')
GO
GO
INSERT INTO [dbo].[act_hi_actinst] ([ID_], [PROC_DEF_ID_], [PROC_INST_ID_], [EXECUTION_ID_], [ACT_ID_], [TASK_ID_], [CALL_PROC_INST_ID_], [ACT_NAME_], [ACT_TYPE_], [ASSIGNEE_], [START_TIME_], [END_TIME_], [DURATION_], [TENANT_ID_]) VALUES (N'130015', N'leave_process:1:120011', N'130014', N'130014', N'start', null, null, N'start', N'startEvent', null, N'2018-01-24 23:50:10.000', N'2018-01-24 23:50:10.000', N'1', N'')
GO
GO
INSERT INTO [dbo].[act_hi_actinst] ([ID_], [PROC_DEF_ID_], [PROC_INST_ID_], [EXECUTION_ID_], [ACT_ID_], [TASK_ID_], [CALL_PROC_INST_ID_], [ACT_NAME_], [ACT_TYPE_], [ASSIGNEE_], [START_TIME_], [END_TIME_], [DURATION_], [TENANT_ID_]) VALUES (N'130016', N'leave_process:1:120011', N'130014', N'130014', N'user1', N'130017', null, N'经理审批', N'userTask', null, N'2018-01-24 23:50:10.000', null, null, N'')
GO
GO
INSERT INTO [dbo].[act_hi_actinst] ([ID_], [PROC_DEF_ID_], [PROC_INST_ID_], [EXECUTION_ID_], [ACT_ID_], [TASK_ID_], [CALL_PROC_INST_ID_], [ACT_NAME_], [ACT_TYPE_], [ASSIGNEE_], [START_TIME_], [END_TIME_], [DURATION_], [TENANT_ID_]) VALUES (N'130020', N'leave_process:1:120011', N'130019', N'130019', N'start', null, null, N'start', N'startEvent', null, N'2018-01-24 23:52:30.000', N'2018-01-24 23:52:30.000', N'7', N'')
GO
GO
INSERT INTO [dbo].[act_hi_actinst] ([ID_], [PROC_DEF_ID_], [PROC_INST_ID_], [EXECUTION_ID_], [ACT_ID_], [TASK_ID_], [CALL_PROC_INST_ID_], [ACT_NAME_], [ACT_TYPE_], [ASSIGNEE_], [START_TIME_], [END_TIME_], [DURATION_], [TENANT_ID_]) VALUES (N'130024', N'leave_process:1:120011', N'130019', N'130019', N'user1', N'130025', null, N'经理审批', N'userTask', null, N'2018-01-24 23:52:30.000', null, null, N'')
GO
GO
INSERT INTO [dbo].[act_hi_actinst] ([ID_], [PROC_DEF_ID_], [PROC_INST_ID_], [EXECUTION_ID_], [ACT_ID_], [TASK_ID_], [CALL_PROC_INST_ID_], [ACT_NAME_], [ACT_TYPE_], [ASSIGNEE_], [START_TIME_], [END_TIME_], [DURATION_], [TENANT_ID_]) VALUES (N'175050', N'process_leave:1:175048', N'175049', N'175049', N'start', null, null, N'start', N'startEvent', null, N'2018-04-21 23:18:46.000', N'2018-04-21 23:18:46.000', N'1', N'')
GO
GO
INSERT INTO [dbo].[act_hi_actinst] ([ID_], [PROC_DEF_ID_], [PROC_INST_ID_], [EXECUTION_ID_], [ACT_ID_], [TASK_ID_], [CALL_PROC_INST_ID_], [ACT_NAME_], [ACT_TYPE_], [ASSIGNEE_], [START_TIME_], [END_TIME_], [DURATION_], [TENANT_ID_]) VALUES (N'175056', N'process_leave:1:175048', N'175049', N'175049', N'user1', N'175057', null, N'经理审批', N'userTask', null, N'2018-04-21 23:18:46.000', N'2018-04-21 23:19:39.000', N'53870', N'')
GO
GO
INSERT INTO [dbo].[act_hi_actinst] ([ID_], [PROC_DEF_ID_], [PROC_INST_ID_], [EXECUTION_ID_], [ACT_ID_], [TASK_ID_], [CALL_PROC_INST_ID_], [ACT_NAME_], [ACT_TYPE_], [ASSIGNEE_], [START_TIME_], [END_TIME_], [DURATION_], [TENANT_ID_]) VALUES (N'175066', N'process_leave:1:175048', N'175049', N'175049', N'sid-BE372D14-F509-4EDB-87E8-7B2107835AE5', null, null, null, N'exclusiveGateway', null, N'2018-04-21 23:19:39.000', N'2018-04-21 23:19:39.000', N'0', N'')
GO
GO
INSERT INTO [dbo].[act_hi_actinst] ([ID_], [PROC_DEF_ID_], [PROC_INST_ID_], [EXECUTION_ID_], [ACT_ID_], [TASK_ID_], [CALL_PROC_INST_ID_], [ACT_NAME_], [ACT_TYPE_], [ASSIGNEE_], [START_TIME_], [END_TIME_], [DURATION_], [TENANT_ID_]) VALUES (N'175067', N'process_leave:1:175048', N'175049', N'175049', N'user', N'175068', null, N'调整', N'userTask', null, N'2018-04-21 23:19:39.000', N'2018-04-21 23:20:25.000', N'46325', N'')
GO
GO
INSERT INTO [dbo].[act_hi_actinst] ([ID_], [PROC_DEF_ID_], [PROC_INST_ID_], [EXECUTION_ID_], [ACT_ID_], [TASK_ID_], [CALL_PROC_INST_ID_], [ACT_NAME_], [ACT_TYPE_], [ASSIGNEE_], [START_TIME_], [END_TIME_], [DURATION_], [TENANT_ID_]) VALUES (N'175072', N'process_leave:1:175048', N'175049', N'175049', N'user1', N'175073', null, N'经理审批', N'userTask', null, N'2018-04-21 23:20:25.000', N'2018-04-21 23:21:09.000', N'44640', N'')
GO
GO
INSERT INTO [dbo].[act_hi_actinst] ([ID_], [PROC_DEF_ID_], [PROC_INST_ID_], [EXECUTION_ID_], [ACT_ID_], [TASK_ID_], [CALL_PROC_INST_ID_], [ACT_NAME_], [ACT_TYPE_], [ASSIGNEE_], [START_TIME_], [END_TIME_], [DURATION_], [TENANT_ID_]) VALUES (N'175078', N'process_leave:1:175048', N'175049', N'175049', N'sid-BE372D14-F509-4EDB-87E8-7B2107835AE5', null, null, null, N'exclusiveGateway', null, N'2018-04-21 23:21:09.000', N'2018-04-21 23:21:09.000', N'0', N'')
GO
GO
INSERT INTO [dbo].[act_hi_actinst] ([ID_], [PROC_DEF_ID_], [PROC_INST_ID_], [EXECUTION_ID_], [ACT_ID_], [TASK_ID_], [CALL_PROC_INST_ID_], [ACT_NAME_], [ACT_TYPE_], [ASSIGNEE_], [START_TIME_], [END_TIME_], [DURATION_], [TENANT_ID_]) VALUES (N'175079', N'process_leave:1:175048', N'175049', N'175049', N'user2', N'175080', null, N'人事审批', N'userTask', null, N'2018-04-21 23:21:09.000', null, null, N'')
GO
GO

-- ----------------------------
-- Table structure for act_hi_attachment
-- ----------------------------
DROP TABLE [dbo].[act_hi_attachment]
GO
CREATE TABLE [dbo].[act_hi_attachment] (
[ID_] nvarchar(64) NOT NULL ,
[REV_] int NULL ,
[USER_ID_] nvarchar(255) NULL ,
[NAME_] nvarchar(255) NULL ,
[DESCRIPTION_] nvarchar(4000) NULL ,
[TYPE_] nvarchar(255) NULL ,
[TASK_ID_] nvarchar(64) NULL ,
[PROC_INST_ID_] nvarchar(64) NULL ,
[URL_] nvarchar(4000) NULL ,
[CONTENT_ID_] nvarchar(64) NULL ,
[TIME_] datetime2(3) NULL 
)


GO

-- ----------------------------
-- Records of act_hi_attachment
-- ----------------------------

-- ----------------------------
-- Table structure for act_hi_comment
-- ----------------------------
DROP TABLE [dbo].[act_hi_comment]
GO
CREATE TABLE [dbo].[act_hi_comment] (
[ID_] nvarchar(64) NOT NULL ,
[TYPE_] nvarchar(255) NULL ,
[TIME_] datetime2(3) NOT NULL ,
[USER_ID_] nvarchar(255) NULL ,
[TASK_ID_] nvarchar(64) NULL ,
[PROC_INST_ID_] nvarchar(64) NULL ,
[ACTION_] nvarchar(255) NULL ,
[MESSAGE_] nvarchar(4000) NULL ,
[FULL_MSG_] varbinary(MAX) NULL 
)


GO

-- ----------------------------
-- Records of act_hi_comment
-- ----------------------------

-- ----------------------------
-- Table structure for act_hi_detail
-- ----------------------------
DROP TABLE [dbo].[act_hi_detail]
GO
CREATE TABLE [dbo].[act_hi_detail] (
[ID_] nvarchar(64) NOT NULL ,
[TYPE_] nvarchar(255) NOT NULL ,
[PROC_INST_ID_] nvarchar(64) NULL ,
[EXECUTION_ID_] nvarchar(64) NULL ,
[TASK_ID_] nvarchar(64) NULL ,
[ACT_INST_ID_] nvarchar(64) NULL ,
[NAME_] nvarchar(255) NOT NULL ,
[VAR_TYPE_] nvarchar(255) NULL ,
[REV_] int NULL ,
[TIME_] datetime2(3) NOT NULL ,
[BYTEARRAY_ID_] nvarchar(64) NULL ,
[DOUBLE_] float(53) NULL ,
[LONG_] bigint NULL ,
[TEXT_] nvarchar(4000) NULL ,
[TEXT2_] nvarchar(4000) NULL 
)


GO

-- ----------------------------
-- Records of act_hi_detail
-- ----------------------------
INSERT INTO [dbo].[act_hi_detail] ([ID_], [TYPE_], [PROC_INST_ID_], [EXECUTION_ID_], [TASK_ID_], [ACT_INST_ID_], [NAME_], [VAR_TYPE_], [REV_], [TIME_], [BYTEARRAY_ID_], [DOUBLE_], [LONG_], [TEXT_], [TEXT2_]) VALUES (N'175055', N'VariableUpdate', N'175049', N'175049', null, N'175050', N'userLeave', N'serializable', N'0', N'2018-04-21 23:18:46.000', N'175054', null, null, null, null)
GO
GO
INSERT INTO [dbo].[act_hi_detail] ([ID_], [TYPE_], [PROC_INST_ID_], [EXECUTION_ID_], [TASK_ID_], [ACT_INST_ID_], [NAME_], [VAR_TYPE_], [REV_], [TIME_], [BYTEARRAY_ID_], [DOUBLE_], [LONG_], [TEXT_], [TEXT2_]) VALUES (N'175060', N'VariableUpdate', N'175049', N'175049', null, N'175056', N'flag', N'boolean', N'0', N'2018-04-21 23:19:39.000', null, null, N'0', null, null)
GO
GO
INSERT INTO [dbo].[act_hi_detail] ([ID_], [TYPE_], [PROC_INST_ID_], [EXECUTION_ID_], [TASK_ID_], [ACT_INST_ID_], [NAME_], [VAR_TYPE_], [REV_], [TIME_], [BYTEARRAY_ID_], [DOUBLE_], [LONG_], [TEXT_], [TEXT2_]) VALUES (N'175065', N'VariableUpdate', N'175049', N'175049', null, N'175056', N'leaveOpinionList', N'serializable', N'0', N'2018-04-21 23:19:39.000', N'175064', null, null, null, null)
GO
GO
INSERT INTO [dbo].[act_hi_detail] ([ID_], [TYPE_], [PROC_INST_ID_], [EXECUTION_ID_], [TASK_ID_], [ACT_INST_ID_], [NAME_], [VAR_TYPE_], [REV_], [TIME_], [BYTEARRAY_ID_], [DOUBLE_], [LONG_], [TEXT_], [TEXT2_]) VALUES (N'175071', N'VariableUpdate', N'175049', N'175049', null, N'175067', N'flag', N'boolean', N'1', N'2018-04-21 23:20:25.000', null, null, N'1', null, null)
GO
GO
INSERT INTO [dbo].[act_hi_detail] ([ID_], [TYPE_], [PROC_INST_ID_], [EXECUTION_ID_], [TASK_ID_], [ACT_INST_ID_], [NAME_], [VAR_TYPE_], [REV_], [TIME_], [BYTEARRAY_ID_], [DOUBLE_], [LONG_], [TEXT_], [TEXT2_]) VALUES (N'175075', N'VariableUpdate', N'175049', N'175049', null, N'175072', N'flag', N'boolean', N'2', N'2018-04-21 23:21:09.000', null, null, N'1', null, null)
GO
GO
INSERT INTO [dbo].[act_hi_detail] ([ID_], [TYPE_], [PROC_INST_ID_], [EXECUTION_ID_], [TASK_ID_], [ACT_INST_ID_], [NAME_], [VAR_TYPE_], [REV_], [TIME_], [BYTEARRAY_ID_], [DOUBLE_], [LONG_], [TEXT_], [TEXT2_]) VALUES (N'175077', N'VariableUpdate', N'175049', N'175049', null, N'175072', N'leaveOpinionList', N'serializable', N'1', N'2018-04-21 23:21:09.000', N'175076', null, null, null, null)
GO
GO

-- ----------------------------
-- Table structure for act_hi_identitylink
-- ----------------------------
DROP TABLE [dbo].[act_hi_identitylink]
GO
CREATE TABLE [dbo].[act_hi_identitylink] (
[ID_] nvarchar(64) NOT NULL ,
[GROUP_ID_] nvarchar(255) NULL ,
[TYPE_] nvarchar(255) NULL ,
[USER_ID_] nvarchar(255) NULL ,
[TASK_ID_] nvarchar(64) NULL ,
[PROC_INST_ID_] nvarchar(64) NULL 
)


GO

-- ----------------------------
-- Records of act_hi_identitylink
-- ----------------------------
INSERT INTO [dbo].[act_hi_identitylink] ([ID_], [GROUP_ID_], [TYPE_], [USER_ID_], [TASK_ID_], [PROC_INST_ID_]) VALUES (N'130013', N'0ea934e5e55411e7b983201a068c6482', N'candidate', null, N'130012', null)
GO
GO
INSERT INTO [dbo].[act_hi_identitylink] ([ID_], [GROUP_ID_], [TYPE_], [USER_ID_], [TASK_ID_], [PROC_INST_ID_]) VALUES (N'130018', N'0ea934e5e55411e7b983201a068c6482', N'candidate', null, N'130017', null)
GO
GO
INSERT INTO [dbo].[act_hi_identitylink] ([ID_], [GROUP_ID_], [TYPE_], [USER_ID_], [TASK_ID_], [PROC_INST_ID_]) VALUES (N'130026', N'0ea934e5e55411e7b983201a068c6482', N'candidate', null, N'130025', null)
GO
GO
INSERT INTO [dbo].[act_hi_identitylink] ([ID_], [GROUP_ID_], [TYPE_], [USER_ID_], [TASK_ID_], [PROC_INST_ID_]) VALUES (N'175058', N'0ea934e5e55411e7b983201a068c6482', N'candidate', null, N'175057', null)
GO
GO
INSERT INTO [dbo].[act_hi_identitylink] ([ID_], [GROUP_ID_], [TYPE_], [USER_ID_], [TASK_ID_], [PROC_INST_ID_]) VALUES (N'175069', null, N'candidate', N'a4a743bffe9711e7b472201a068c6482', N'175068', null)
GO
GO
INSERT INTO [dbo].[act_hi_identitylink] ([ID_], [GROUP_ID_], [TYPE_], [USER_ID_], [TASK_ID_], [PROC_INST_ID_]) VALUES (N'175070', null, N'participant', N'a4a743bffe9711e7b472201a068c6482', null, N'175049')
GO
GO
INSERT INTO [dbo].[act_hi_identitylink] ([ID_], [GROUP_ID_], [TYPE_], [USER_ID_], [TASK_ID_], [PROC_INST_ID_]) VALUES (N'175074', N'0ea934e5e55411e7b983201a068c6482', N'candidate', null, N'175073', null)
GO
GO
INSERT INTO [dbo].[act_hi_identitylink] ([ID_], [GROUP_ID_], [TYPE_], [USER_ID_], [TASK_ID_], [PROC_INST_ID_]) VALUES (N'175081', N'023366f3457511e8bcf1309c2315f9aa', N'candidate', null, N'175080', null)
GO
GO

-- ----------------------------
-- Table structure for act_hi_procinst
-- ----------------------------
DROP TABLE [dbo].[act_hi_procinst]
GO
CREATE TABLE [dbo].[act_hi_procinst] (
[ID_] nvarchar(64) NOT NULL ,
[PROC_INST_ID_] nvarchar(64) NOT NULL ,
[BUSINESS_KEY_] nvarchar(255) NULL ,
[PROC_DEF_ID_] nvarchar(64) NOT NULL ,
[START_TIME_] datetime2(3) NOT NULL ,
[END_TIME_] datetime2(3) NULL ,
[DURATION_] bigint NULL ,
[START_USER_ID_] nvarchar(255) NULL ,
[START_ACT_ID_] nvarchar(255) NULL ,
[END_ACT_ID_] nvarchar(255) NULL ,
[SUPER_PROCESS_INSTANCE_ID_] nvarchar(64) NULL ,
[DELETE_REASON_] nvarchar(4000) NULL ,
[TENANT_ID_] nvarchar(255) NULL ,
[NAME_] nvarchar(255) NULL 
)


GO

-- ----------------------------
-- Records of act_hi_procinst
-- ----------------------------
INSERT INTO [dbo].[act_hi_procinst] ([ID_], [PROC_INST_ID_], [BUSINESS_KEY_], [PROC_DEF_ID_], [START_TIME_], [END_TIME_], [DURATION_], [START_USER_ID_], [START_ACT_ID_], [END_ACT_ID_], [SUPER_PROCESS_INSTANCE_ID_], [DELETE_REASON_], [TENANT_ID_], [NAME_]) VALUES (N'122505', N'122505', null, N'leave_process:1:120011', N'2018-01-24 23:06:38.000', null, null, null, N'start', null, null, null, N'', null)
GO
GO
INSERT INTO [dbo].[act_hi_procinst] ([ID_], [PROC_INST_ID_], [BUSINESS_KEY_], [PROC_DEF_ID_], [START_TIME_], [END_TIME_], [DURATION_], [START_USER_ID_], [START_ACT_ID_], [END_ACT_ID_], [SUPER_PROCESS_INSTANCE_ID_], [DELETE_REASON_], [TENANT_ID_], [NAME_]) VALUES (N'130009', N'130009', null, N'leave_process:1:120011', N'2018-01-24 23:47:12.000', null, null, null, N'start', null, null, null, N'', null)
GO
GO
INSERT INTO [dbo].[act_hi_procinst] ([ID_], [PROC_INST_ID_], [BUSINESS_KEY_], [PROC_DEF_ID_], [START_TIME_], [END_TIME_], [DURATION_], [START_USER_ID_], [START_ACT_ID_], [END_ACT_ID_], [SUPER_PROCESS_INSTANCE_ID_], [DELETE_REASON_], [TENANT_ID_], [NAME_]) VALUES (N'130014', N'130014', null, N'leave_process:1:120011', N'2018-01-24 23:50:10.000', null, null, null, N'start', null, null, null, N'', null)
GO
GO
INSERT INTO [dbo].[act_hi_procinst] ([ID_], [PROC_INST_ID_], [BUSINESS_KEY_], [PROC_DEF_ID_], [START_TIME_], [END_TIME_], [DURATION_], [START_USER_ID_], [START_ACT_ID_], [END_ACT_ID_], [SUPER_PROCESS_INSTANCE_ID_], [DELETE_REASON_], [TENANT_ID_], [NAME_]) VALUES (N'130019', N'130019', null, N'leave_process:1:120011', N'2018-01-24 23:52:30.000', null, null, null, N'start', null, null, null, N'', null)
GO
GO
INSERT INTO [dbo].[act_hi_procinst] ([ID_], [PROC_INST_ID_], [BUSINESS_KEY_], [PROC_DEF_ID_], [START_TIME_], [END_TIME_], [DURATION_], [START_USER_ID_], [START_ACT_ID_], [END_ACT_ID_], [SUPER_PROCESS_INSTANCE_ID_], [DELETE_REASON_], [TENANT_ID_], [NAME_]) VALUES (N'175049', N'175049', null, N'process_leave:1:175048', N'2018-04-21 23:18:46.000', null, null, null, N'start', null, null, null, N'', null)
GO
GO

-- ----------------------------
-- Table structure for act_hi_taskinst
-- ----------------------------
DROP TABLE [dbo].[act_hi_taskinst]
GO
CREATE TABLE [dbo].[act_hi_taskinst] (
[ID_] nvarchar(64) NOT NULL ,
[PROC_DEF_ID_] nvarchar(64) NULL ,
[TASK_DEF_KEY_] nvarchar(255) NULL ,
[PROC_INST_ID_] nvarchar(64) NULL ,
[EXECUTION_ID_] nvarchar(64) NULL ,
[NAME_] nvarchar(255) NULL ,
[PARENT_TASK_ID_] nvarchar(64) NULL ,
[DESCRIPTION_] nvarchar(4000) NULL ,
[OWNER_] nvarchar(255) NULL ,
[ASSIGNEE_] nvarchar(255) NULL ,
[START_TIME_] datetime2(3) NOT NULL ,
[CLAIM_TIME_] datetime2(3) NULL ,
[END_TIME_] datetime2(3) NULL ,
[DURATION_] bigint NULL ,
[DELETE_REASON_] nvarchar(4000) NULL ,
[PRIORITY_] int NULL ,
[DUE_DATE_] datetime2(3) NULL ,
[FORM_KEY_] nvarchar(255) NULL ,
[CATEGORY_] nvarchar(255) NULL ,
[TENANT_ID_] nvarchar(255) NULL 
)


GO

-- ----------------------------
-- Records of act_hi_taskinst
-- ----------------------------
INSERT INTO [dbo].[act_hi_taskinst] ([ID_], [PROC_DEF_ID_], [TASK_DEF_KEY_], [PROC_INST_ID_], [EXECUTION_ID_], [NAME_], [PARENT_TASK_ID_], [DESCRIPTION_], [OWNER_], [ASSIGNEE_], [START_TIME_], [CLAIM_TIME_], [END_TIME_], [DURATION_], [DELETE_REASON_], [PRIORITY_], [DUE_DATE_], [FORM_KEY_], [CATEGORY_], [TENANT_ID_]) VALUES (N'122508', N'leave_process:1:120011', N'user1', N'122505', N'122505', N'经理审批', null, null, null, null, N'2018-01-24 23:06:38.000', null, null, null, null, N'50', null, null, null, N'')
GO
GO
INSERT INTO [dbo].[act_hi_taskinst] ([ID_], [PROC_DEF_ID_], [TASK_DEF_KEY_], [PROC_INST_ID_], [EXECUTION_ID_], [NAME_], [PARENT_TASK_ID_], [DESCRIPTION_], [OWNER_], [ASSIGNEE_], [START_TIME_], [CLAIM_TIME_], [END_TIME_], [DURATION_], [DELETE_REASON_], [PRIORITY_], [DUE_DATE_], [FORM_KEY_], [CATEGORY_], [TENANT_ID_]) VALUES (N'130012', N'leave_process:1:120011', N'user1', N'130009', N'130009', N'经理审批', null, null, null, null, N'2018-01-24 23:47:12.000', null, null, null, null, N'50', null, null, null, N'')
GO
GO
INSERT INTO [dbo].[act_hi_taskinst] ([ID_], [PROC_DEF_ID_], [TASK_DEF_KEY_], [PROC_INST_ID_], [EXECUTION_ID_], [NAME_], [PARENT_TASK_ID_], [DESCRIPTION_], [OWNER_], [ASSIGNEE_], [START_TIME_], [CLAIM_TIME_], [END_TIME_], [DURATION_], [DELETE_REASON_], [PRIORITY_], [DUE_DATE_], [FORM_KEY_], [CATEGORY_], [TENANT_ID_]) VALUES (N'130017', N'leave_process:1:120011', N'user1', N'130014', N'130014', N'经理审批', null, null, null, null, N'2018-01-24 23:50:10.000', null, null, null, null, N'50', null, null, null, N'')
GO
GO
INSERT INTO [dbo].[act_hi_taskinst] ([ID_], [PROC_DEF_ID_], [TASK_DEF_KEY_], [PROC_INST_ID_], [EXECUTION_ID_], [NAME_], [PARENT_TASK_ID_], [DESCRIPTION_], [OWNER_], [ASSIGNEE_], [START_TIME_], [CLAIM_TIME_], [END_TIME_], [DURATION_], [DELETE_REASON_], [PRIORITY_], [DUE_DATE_], [FORM_KEY_], [CATEGORY_], [TENANT_ID_]) VALUES (N'130025', N'leave_process:1:120011', N'user1', N'130019', N'130019', N'经理审批', null, null, null, null, N'2018-01-24 23:52:30.000', null, null, null, null, N'50', null, null, null, N'')
GO
GO
INSERT INTO [dbo].[act_hi_taskinst] ([ID_], [PROC_DEF_ID_], [TASK_DEF_KEY_], [PROC_INST_ID_], [EXECUTION_ID_], [NAME_], [PARENT_TASK_ID_], [DESCRIPTION_], [OWNER_], [ASSIGNEE_], [START_TIME_], [CLAIM_TIME_], [END_TIME_], [DURATION_], [DELETE_REASON_], [PRIORITY_], [DUE_DATE_], [FORM_KEY_], [CATEGORY_], [TENANT_ID_]) VALUES (N'175057', N'process_leave:1:175048', N'user1', N'175049', N'175049', N'经理审批', null, null, null, null, N'2018-04-21 23:18:46.000', null, N'2018-04-21 23:19:39.000', N'53870', N'completed', N'50', null, null, null, N'')
GO
GO
INSERT INTO [dbo].[act_hi_taskinst] ([ID_], [PROC_DEF_ID_], [TASK_DEF_KEY_], [PROC_INST_ID_], [EXECUTION_ID_], [NAME_], [PARENT_TASK_ID_], [DESCRIPTION_], [OWNER_], [ASSIGNEE_], [START_TIME_], [CLAIM_TIME_], [END_TIME_], [DURATION_], [DELETE_REASON_], [PRIORITY_], [DUE_DATE_], [FORM_KEY_], [CATEGORY_], [TENANT_ID_]) VALUES (N'175068', N'process_leave:1:175048', N'user', N'175049', N'175049', N'调整', null, null, null, null, N'2018-04-21 23:19:39.000', null, N'2018-04-21 23:20:25.000', N'46324', N'completed', N'50', null, null, null, N'')
GO
GO
INSERT INTO [dbo].[act_hi_taskinst] ([ID_], [PROC_DEF_ID_], [TASK_DEF_KEY_], [PROC_INST_ID_], [EXECUTION_ID_], [NAME_], [PARENT_TASK_ID_], [DESCRIPTION_], [OWNER_], [ASSIGNEE_], [START_TIME_], [CLAIM_TIME_], [END_TIME_], [DURATION_], [DELETE_REASON_], [PRIORITY_], [DUE_DATE_], [FORM_KEY_], [CATEGORY_], [TENANT_ID_]) VALUES (N'175073', N'process_leave:1:175048', N'user1', N'175049', N'175049', N'经理审批', null, null, null, null, N'2018-04-21 23:20:25.000', null, N'2018-04-21 23:21:09.000', N'44639', N'completed', N'50', null, null, null, N'')
GO
GO
INSERT INTO [dbo].[act_hi_taskinst] ([ID_], [PROC_DEF_ID_], [TASK_DEF_KEY_], [PROC_INST_ID_], [EXECUTION_ID_], [NAME_], [PARENT_TASK_ID_], [DESCRIPTION_], [OWNER_], [ASSIGNEE_], [START_TIME_], [CLAIM_TIME_], [END_TIME_], [DURATION_], [DELETE_REASON_], [PRIORITY_], [DUE_DATE_], [FORM_KEY_], [CATEGORY_], [TENANT_ID_]) VALUES (N'175080', N'process_leave:1:175048', N'user2', N'175049', N'175049', N'人事审批', null, null, null, null, N'2018-04-21 23:21:09.000', null, null, null, null, N'50', null, null, null, N'')
GO
GO

-- ----------------------------
-- Table structure for act_hi_varinst
-- ----------------------------
DROP TABLE [dbo].[act_hi_varinst]
GO
CREATE TABLE [dbo].[act_hi_varinst] (
[ID_] nvarchar(64) NOT NULL ,
[PROC_INST_ID_] nvarchar(64) NULL ,
[EXECUTION_ID_] nvarchar(64) NULL ,
[TASK_ID_] nvarchar(64) NULL ,
[NAME_] nvarchar(255) NOT NULL ,
[VAR_TYPE_] nvarchar(100) NULL ,
[REV_] int NULL ,
[BYTEARRAY_ID_] nvarchar(64) NULL ,
[DOUBLE_] float(53) NULL ,
[LONG_] bigint NULL ,
[TEXT_] nvarchar(4000) NULL ,
[TEXT2_] nvarchar(4000) NULL ,
[CREATE_TIME_] datetime2(3) NULL ,
[LAST_UPDATED_TIME_] datetime2(3) NULL 
)


GO

-- ----------------------------
-- Records of act_hi_varinst
-- ----------------------------
INSERT INTO [dbo].[act_hi_varinst] ([ID_], [PROC_INST_ID_], [EXECUTION_ID_], [TASK_ID_], [NAME_], [VAR_TYPE_], [REV_], [BYTEARRAY_ID_], [DOUBLE_], [LONG_], [TEXT_], [TEXT2_], [CREATE_TIME_], [LAST_UPDATED_TIME_]) VALUES (N'130022', N'130019', N'130019', null, N'userLeave', N'serializable', N'0', N'130023', null, null, null, null, N'2018-01-24 23:52:30.000', N'2018-01-24 23:52:30.000')
GO
GO
INSERT INTO [dbo].[act_hi_varinst] ([ID_], [PROC_INST_ID_], [EXECUTION_ID_], [TASK_ID_], [NAME_], [VAR_TYPE_], [REV_], [BYTEARRAY_ID_], [DOUBLE_], [LONG_], [TEXT_], [TEXT2_], [CREATE_TIME_], [LAST_UPDATED_TIME_]) VALUES (N'175052', N'175049', N'175049', null, N'userLeave', N'serializable', N'0', N'175053', null, null, null, null, N'2018-04-21 23:18:46.000', N'2018-04-21 23:18:46.000')
GO
GO
INSERT INTO [dbo].[act_hi_varinst] ([ID_], [PROC_INST_ID_], [EXECUTION_ID_], [TASK_ID_], [NAME_], [VAR_TYPE_], [REV_], [BYTEARRAY_ID_], [DOUBLE_], [LONG_], [TEXT_], [TEXT2_], [CREATE_TIME_], [LAST_UPDATED_TIME_]) VALUES (N'175059', N'175049', N'175049', null, N'flag', N'boolean', N'2', null, null, N'1', null, null, N'2018-04-21 23:19:39.000', N'2018-04-21 23:21:09.000')
GO
GO
INSERT INTO [dbo].[act_hi_varinst] ([ID_], [PROC_INST_ID_], [EXECUTION_ID_], [TASK_ID_], [NAME_], [VAR_TYPE_], [REV_], [BYTEARRAY_ID_], [DOUBLE_], [LONG_], [TEXT_], [TEXT2_], [CREATE_TIME_], [LAST_UPDATED_TIME_]) VALUES (N'175062', N'175049', N'175049', null, N'leaveOpinionList', N'serializable', N'1', N'175063', null, null, null, null, N'2018-04-21 23:19:39.000', N'2018-04-21 23:21:09.000')
GO
GO

-- ----------------------------
-- Table structure for act_id_group
-- ----------------------------
DROP TABLE [dbo].[act_id_group]
GO
CREATE TABLE [dbo].[act_id_group] (
[ID_] nvarchar(64) NOT NULL ,
[REV_] int NULL ,
[NAME_] nvarchar(255) NULL ,
[TYPE_] nvarchar(255) NULL 
)


GO

-- ----------------------------
-- Records of act_id_group
-- ----------------------------
INSERT INTO [dbo].[act_id_group] ([ID_], [REV_], [NAME_], [TYPE_]) VALUES (N'023366f3457511e8bcf1309c2315f9aa', N'1', N'hr', null)
GO
GO
INSERT INTO [dbo].[act_id_group] ([ID_], [REV_], [NAME_], [TYPE_]) VALUES (N'0ea934e5e55411e7b983201a068c6482', N'1', N'manage', null)
GO
GO
INSERT INTO [dbo].[act_id_group] ([ID_], [REV_], [NAME_], [TYPE_]) VALUES (N'2619a672e53811e7b983201a068c6482', N'1', N'admin', null)
GO
GO
INSERT INTO [dbo].[act_id_group] ([ID_], [REV_], [NAME_], [TYPE_]) VALUES (N'dcb0f642fe9611e7b472201a068c6482', N'1', N'dev', null)
GO
GO

-- ----------------------------
-- Table structure for act_id_info
-- ----------------------------
DROP TABLE [dbo].[act_id_info]
GO
CREATE TABLE [dbo].[act_id_info] (
[ID_] nvarchar(64) NOT NULL ,
[REV_] int NULL ,
[USER_ID_] nvarchar(64) NULL ,
[TYPE_] nvarchar(64) NULL ,
[KEY_] nvarchar(255) NULL ,
[VALUE_] nvarchar(255) NULL ,
[PASSWORD_] varbinary(MAX) NULL ,
[PARENT_ID_] nvarchar(255) NULL 
)


GO

-- ----------------------------
-- Records of act_id_info
-- ----------------------------

-- ----------------------------
-- Table structure for act_id_membership
-- ----------------------------
DROP TABLE [dbo].[act_id_membership]
GO
CREATE TABLE [dbo].[act_id_membership] (
[USER_ID_] nvarchar(64) NOT NULL ,
[GROUP_ID_] nvarchar(64) NOT NULL 
)


GO

-- ----------------------------
-- Records of act_id_membership
-- ----------------------------
INSERT INTO [dbo].[act_id_membership] ([USER_ID_], [GROUP_ID_]) VALUES (N'51d2179c457911e8bcf1309c2315f9aa', N'023366f3457511e8bcf1309c2315f9aa')
GO
GO
INSERT INTO [dbo].[act_id_membership] ([USER_ID_], [GROUP_ID_]) VALUES (N'85d096a27c7e4775ad2ae9c520ba2141', N'023366f3457511e8bcf1309c2315f9aa')
GO
GO
INSERT INTO [dbo].[act_id_membership] ([USER_ID_], [GROUP_ID_]) VALUES (N'2211fec3e17c11e795ed201a068c6482', N'0ea934e5e55411e7b983201a068c6482')
GO
GO
INSERT INTO [dbo].[act_id_membership] ([USER_ID_], [GROUP_ID_]) VALUES (N'acfc0e9232f54732a5d9ffe9071bf572', N'2619a672e53811e7b983201a068c6482')
GO
GO
INSERT INTO [dbo].[act_id_membership] ([USER_ID_], [GROUP_ID_]) VALUES (N'5354d45a018311e8a1a2201a068c6482', N'dcb0f642fe9611e7b472201a068c6482')
GO
GO
INSERT INTO [dbo].[act_id_membership] ([USER_ID_], [GROUP_ID_]) VALUES (N'6a038f15019711e8a1a2201a068c6482', N'dcb0f642fe9611e7b472201a068c6482')
GO
GO
INSERT INTO [dbo].[act_id_membership] ([USER_ID_], [GROUP_ID_]) VALUES (N'a4a743bffe9711e7b472201a068c6482', N'dcb0f642fe9611e7b472201a068c6482')
GO
GO
INSERT INTO [dbo].[act_id_membership] ([USER_ID_], [GROUP_ID_]) VALUES (N'c7f1a7d7018311e8a1a2201a068c6482', N'dcb0f642fe9611e7b472201a068c6482')
GO
GO

-- ----------------------------
-- Table structure for act_id_user
-- ----------------------------
DROP TABLE [dbo].[act_id_user]
GO
CREATE TABLE [dbo].[act_id_user] (
[ID_] nvarchar(64) NOT NULL ,
[REV_] int NULL ,
[FIRST_] nvarchar(255) NULL ,
[LAST_] nvarchar(255) NULL ,
[EMAIL_] nvarchar(255) NULL ,
[PWD_] nvarchar(255) NULL ,
[PICTURE_ID_] nvarchar(64) NULL 
)


GO

-- ----------------------------
-- Records of act_id_user
-- ----------------------------
INSERT INTO [dbo].[act_id_user] ([ID_], [REV_], [FIRST_], [LAST_], [EMAIL_], [PWD_], [PICTURE_ID_]) VALUES (N'2211fec3e17c11e795ed201a068c6482', N'1', N'Tom Curise', null, N'154040976@qq.com', null, null)
GO
GO
INSERT INTO [dbo].[act_id_user] ([ID_], [REV_], [FIRST_], [LAST_], [EMAIL_], [PWD_], [PICTURE_ID_]) VALUES (N'51d2179c457911e8bcf1309c2315f9aa', N'1', N'333', null, N'', null, null)
GO
GO
INSERT INTO [dbo].[act_id_user] ([ID_], [REV_], [FIRST_], [LAST_], [EMAIL_], [PWD_], [PICTURE_ID_]) VALUES (N'5354d45a018311e8a1a2201a068c6482', N'1', N'111', null, N'', null, null)
GO
GO
INSERT INTO [dbo].[act_id_user] ([ID_], [REV_], [FIRST_], [LAST_], [EMAIL_], [PWD_], [PICTURE_ID_]) VALUES (N'6a038f15019711e8a1a2201a068c6482', N'1', N'张三', null, N'', null, null)
GO
GO
INSERT INTO [dbo].[act_id_user] ([ID_], [REV_], [FIRST_], [LAST_], [EMAIL_], [PWD_], [PICTURE_ID_]) VALUES (N'85d096a27c7e4775ad2ae9c520ba2141', N'1', N'22', null, N'', null, null)
GO
GO
INSERT INTO [dbo].[act_id_user] ([ID_], [REV_], [FIRST_], [LAST_], [EMAIL_], [PWD_], [PICTURE_ID_]) VALUES (N'a4a743bffe9711e7b472201a068c6482', N'1', N'zxm', null, N'1544040976@qq.com', null, null)
GO
GO
INSERT INTO [dbo].[act_id_user] ([ID_], [REV_], [FIRST_], [LAST_], [EMAIL_], [PWD_], [PICTURE_ID_]) VALUES (N'acfc0e9232f54732a5d9ffe9071bf572', N'1', N'管理员', null, N'', null, null)
GO
GO
INSERT INTO [dbo].[act_id_user] ([ID_], [REV_], [FIRST_], [LAST_], [EMAIL_], [PWD_], [PICTURE_ID_]) VALUES (N'c7f1a7d7018311e8a1a2201a068c6482', N'1', N'666', null, N'', null, null)
GO
GO
INSERT INTO [dbo].[act_id_user] ([ID_], [REV_], [FIRST_], [LAST_], [EMAIL_], [PWD_], [PICTURE_ID_]) VALUES (N'ce1f6f35018211e8a1a2201a068c6482', N'1', N'123', null, N'', null, null)
GO
GO

-- ----------------------------
-- Table structure for act_procdef_info
-- ----------------------------
DROP TABLE [dbo].[act_procdef_info]
GO
CREATE TABLE [dbo].[act_procdef_info] (
[ID_] nvarchar(64) NOT NULL ,
[PROC_DEF_ID_] nvarchar(64) NOT NULL ,
[REV_] int NULL ,
[INFO_JSON_ID_] nvarchar(64) NULL 
)


GO

-- ----------------------------
-- Records of act_procdef_info
-- ----------------------------

-- ----------------------------
-- Table structure for act_re_deployment
-- ----------------------------
DROP TABLE [dbo].[act_re_deployment]
GO
CREATE TABLE [dbo].[act_re_deployment] (
[ID_] nvarchar(64) NOT NULL ,
[NAME_] nvarchar(255) NULL ,
[CATEGORY_] nvarchar(255) NULL ,
[TENANT_ID_] nvarchar(255) NULL ,
[DEPLOY_TIME_] datetime2(3) NULL 
)


GO

-- ----------------------------
-- Records of act_re_deployment
-- ----------------------------
INSERT INTO [dbo].[act_re_deployment] ([ID_], [NAME_], [CATEGORY_], [TENANT_ID_], [DEPLOY_TIME_]) VALUES (N'175045', N'请假流程', null, N'', N'2018-04-21 23:17:00.000')
GO
GO

-- ----------------------------
-- Table structure for act_re_model
-- ----------------------------
DROP TABLE [dbo].[act_re_model]
GO
CREATE TABLE [dbo].[act_re_model] (
[ID_] nvarchar(64) NOT NULL ,
[REV_] int NULL ,
[NAME_] nvarchar(255) NULL ,
[KEY_] nvarchar(255) NULL ,
[CATEGORY_] nvarchar(255) NULL ,
[CREATE_TIME_] datetime2(3) NULL ,
[LAST_UPDATE_TIME_] datetime2(3) NULL ,
[VERSION_] int NULL ,
[META_INFO_] nvarchar(4000) NULL ,
[DEPLOYMENT_ID_] nvarchar(64) NULL ,
[EDITOR_SOURCE_VALUE_ID_] nvarchar(64) NULL ,
[EDITOR_SOURCE_EXTRA_VALUE_ID_] nvarchar(64) NULL ,
[TENANT_ID_] nvarchar(255) NULL 
)


GO

-- ----------------------------
-- Records of act_re_model
-- ----------------------------
INSERT INTO [dbo].[act_re_model] ([ID_], [REV_], [NAME_], [KEY_], [CATEGORY_], [CREATE_TIME_], [LAST_UPDATE_TIME_], [VERSION_], [META_INFO_], [DEPLOYMENT_ID_], [EDITOR_SOURCE_VALUE_ID_], [EDITOR_SOURCE_EXTRA_VALUE_ID_], [TENANT_ID_]) VALUES (N'142517', N'40', N'请假流程', N'processKey', null, N'2018-01-25 17:21:39.000', N'2018-04-21 23:17:00.000', N'1', N'{"name":"请假流程","description":""}', N'175045', N'142518', N'142519', N'')
GO
GO

-- ----------------------------
-- Table structure for act_re_procdef
-- ----------------------------
DROP TABLE [dbo].[act_re_procdef]
GO
CREATE TABLE [dbo].[act_re_procdef] (
[ID_] nvarchar(64) NOT NULL ,
[REV_] int NULL ,
[CATEGORY_] nvarchar(255) NULL ,
[NAME_] nvarchar(255) NULL ,
[KEY_] nvarchar(255) NOT NULL ,
[VERSION_] int NOT NULL ,
[DEPLOYMENT_ID_] nvarchar(64) NULL ,
[RESOURCE_NAME_] nvarchar(4000) NULL ,
[DGRM_RESOURCE_NAME_] nvarchar(4000) NULL ,
[DESCRIPTION_] nvarchar(4000) NULL ,
[HAS_START_FORM_KEY_] tinyint NULL ,
[HAS_GRAPHICAL_NOTATION_] tinyint NULL ,
[SUSPENSION_STATE_] int NULL ,
[TENANT_ID_] nvarchar(255) NULL 
)


GO

-- ----------------------------
-- Records of act_re_procdef
-- ----------------------------
INSERT INTO [dbo].[act_re_procdef] ([ID_], [REV_], [CATEGORY_], [NAME_], [KEY_], [VERSION_], [DEPLOYMENT_ID_], [RESOURCE_NAME_], [DGRM_RESOURCE_NAME_], [DESCRIPTION_], [HAS_START_FORM_KEY_], [HAS_GRAPHICAL_NOTATION_], [SUSPENSION_STATE_], [TENANT_ID_]) VALUES (N'process_leave:1:175048', N'1', N'http://www.activiti.org/processdef', N'请假流程', N'process_leave', N'1', N'175045', N'请假流程.bpmn20.xml', N'请假流程.process_leave.png', null, N'0', N'1', N'1', N'')
GO
GO

-- ----------------------------
-- Table structure for act_ru_event_subscr
-- ----------------------------
DROP TABLE [dbo].[act_ru_event_subscr]
GO
CREATE TABLE [dbo].[act_ru_event_subscr] (
[ID_] nvarchar(64) NOT NULL ,
[REV_] int NULL ,
[EVENT_TYPE_] nvarchar(255) NOT NULL ,
[EVENT_NAME_] nvarchar(255) NULL ,
[EXECUTION_ID_] nvarchar(64) NULL ,
[PROC_INST_ID_] nvarchar(64) NULL ,
[ACTIVITY_ID_] nvarchar(64) NULL ,
[CONFIGURATION_] nvarchar(255) NULL ,
[CREATED_] datetime2(3) NOT NULL ,
[PROC_DEF_ID_] nvarchar(64) NULL ,
[TENANT_ID_] nvarchar(255) NULL 
)


GO

-- ----------------------------
-- Records of act_ru_event_subscr
-- ----------------------------

-- ----------------------------
-- Table structure for act_ru_execution
-- ----------------------------
DROP TABLE [dbo].[act_ru_execution]
GO
CREATE TABLE [dbo].[act_ru_execution] (
[ID_] nvarchar(64) NOT NULL ,
[REV_] int NULL ,
[PROC_INST_ID_] nvarchar(64) NULL ,
[BUSINESS_KEY_] nvarchar(255) NULL ,
[PARENT_ID_] nvarchar(64) NULL ,
[PROC_DEF_ID_] nvarchar(64) NULL ,
[SUPER_EXEC_] nvarchar(64) NULL ,
[ACT_ID_] nvarchar(255) NULL ,
[IS_ACTIVE_] tinyint NULL ,
[IS_CONCURRENT_] tinyint NULL ,
[IS_SCOPE_] tinyint NULL ,
[IS_EVENT_SCOPE_] tinyint NULL ,
[SUSPENSION_STATE_] int NULL ,
[CACHED_ENT_STATE_] int NULL ,
[TENANT_ID_] nvarchar(255) NULL ,
[NAME_] nvarchar(255) NULL ,
[LOCK_TIME_] datetime2(3) NULL 
)


GO

-- ----------------------------
-- Records of act_ru_execution
-- ----------------------------
INSERT INTO [dbo].[act_ru_execution] ([ID_], [REV_], [PROC_INST_ID_], [BUSINESS_KEY_], [PARENT_ID_], [PROC_DEF_ID_], [SUPER_EXEC_], [ACT_ID_], [IS_ACTIVE_], [IS_CONCURRENT_], [IS_SCOPE_], [IS_EVENT_SCOPE_], [SUSPENSION_STATE_], [CACHED_ENT_STATE_], [TENANT_ID_], [NAME_], [LOCK_TIME_]) VALUES (N'175049', N'4', N'175049', null, null, N'process_leave:1:175048', null, N'user2', N'1', N'0', N'1', N'0', N'1', N'2', N'', null, null)
GO
GO

-- ----------------------------
-- Table structure for act_ru_identitylink
-- ----------------------------
DROP TABLE [dbo].[act_ru_identitylink]
GO
CREATE TABLE [dbo].[act_ru_identitylink] (
[ID_] nvarchar(64) NOT NULL ,
[REV_] int NULL ,
[GROUP_ID_] nvarchar(255) NULL ,
[TYPE_] nvarchar(255) NULL ,
[USER_ID_] nvarchar(255) NULL ,
[TASK_ID_] nvarchar(64) NULL ,
[PROC_INST_ID_] nvarchar(64) NULL ,
[PROC_DEF_ID_] nvarchar(64) NULL 
)


GO

-- ----------------------------
-- Records of act_ru_identitylink
-- ----------------------------
INSERT INTO [dbo].[act_ru_identitylink] ([ID_], [REV_], [GROUP_ID_], [TYPE_], [USER_ID_], [TASK_ID_], [PROC_INST_ID_], [PROC_DEF_ID_]) VALUES (N'175070', N'1', null, N'participant', N'a4a743bffe9711e7b472201a068c6482', null, N'175049', null)
GO
GO
INSERT INTO [dbo].[act_ru_identitylink] ([ID_], [REV_], [GROUP_ID_], [TYPE_], [USER_ID_], [TASK_ID_], [PROC_INST_ID_], [PROC_DEF_ID_]) VALUES (N'175081', N'1', N'023366f3457511e8bcf1309c2315f9aa', N'candidate', null, N'175080', null, null)
GO
GO

-- ----------------------------
-- Table structure for act_ru_job
-- ----------------------------
DROP TABLE [dbo].[act_ru_job]
GO
CREATE TABLE [dbo].[act_ru_job] (
[ID_] nvarchar(64) NOT NULL ,
[REV_] int NULL ,
[TYPE_] nvarchar(255) NOT NULL ,
[LOCK_EXP_TIME_] datetime2(3) NULL ,
[LOCK_OWNER_] nvarchar(255) NULL ,
[EXCLUSIVE_] tinyint NULL ,
[EXECUTION_ID_] nvarchar(64) NULL ,
[PROCESS_INSTANCE_ID_] nvarchar(64) NULL ,
[PROC_DEF_ID_] nvarchar(64) NULL ,
[RETRIES_] int NULL ,
[EXCEPTION_STACK_ID_] nvarchar(64) NULL ,
[EXCEPTION_MSG_] nvarchar(4000) NULL ,
[DUEDATE_] datetime2(3) NULL ,
[REPEAT_] nvarchar(255) NULL ,
[HANDLER_TYPE_] nvarchar(255) NULL ,
[HANDLER_CFG_] nvarchar(4000) NULL ,
[TENANT_ID_] nvarchar(255) NULL 
)


GO

-- ----------------------------
-- Records of act_ru_job
-- ----------------------------

-- ----------------------------
-- Table structure for act_ru_task
-- ----------------------------
DROP TABLE [dbo].[act_ru_task]
GO
CREATE TABLE [dbo].[act_ru_task] (
[ID_] nvarchar(64) NOT NULL ,
[REV_] int NULL ,
[EXECUTION_ID_] nvarchar(64) NULL ,
[PROC_INST_ID_] nvarchar(64) NULL ,
[PROC_DEF_ID_] nvarchar(64) NULL ,
[NAME_] nvarchar(255) NULL ,
[PARENT_TASK_ID_] nvarchar(64) NULL ,
[DESCRIPTION_] nvarchar(4000) NULL ,
[TASK_DEF_KEY_] nvarchar(255) NULL ,
[OWNER_] nvarchar(255) NULL ,
[ASSIGNEE_] nvarchar(255) NULL ,
[DELEGATION_] nvarchar(64) NULL ,
[PRIORITY_] int NULL ,
[CREATE_TIME_] datetime2(3) NULL ,
[DUE_DATE_] datetime2(3) NULL ,
[CATEGORY_] nvarchar(255) NULL ,
[SUSPENSION_STATE_] int NULL ,
[TENANT_ID_] nvarchar(255) NULL ,
[FORM_KEY_] nvarchar(255) NULL 
)


GO

-- ----------------------------
-- Records of act_ru_task
-- ----------------------------
INSERT INTO [dbo].[act_ru_task] ([ID_], [REV_], [EXECUTION_ID_], [PROC_INST_ID_], [PROC_DEF_ID_], [NAME_], [PARENT_TASK_ID_], [DESCRIPTION_], [TASK_DEF_KEY_], [OWNER_], [ASSIGNEE_], [DELEGATION_], [PRIORITY_], [CREATE_TIME_], [DUE_DATE_], [CATEGORY_], [SUSPENSION_STATE_], [TENANT_ID_], [FORM_KEY_]) VALUES (N'175080', N'1', N'175049', N'175049', N'process_leave:1:175048', N'人事审批', null, null, N'user2', null, null, null, N'50', N'2018-04-21 23:21:09.000', null, null, N'1', N'', null)
GO
GO

-- ----------------------------
-- Table structure for act_ru_variable
-- ----------------------------
DROP TABLE [dbo].[act_ru_variable]
GO
CREATE TABLE [dbo].[act_ru_variable] (
[ID_] nvarchar(64) NOT NULL ,
[REV_] int NULL ,
[TYPE_] nvarchar(255) NOT NULL ,
[NAME_] nvarchar(255) NOT NULL ,
[EXECUTION_ID_] nvarchar(64) NULL ,
[PROC_INST_ID_] nvarchar(64) NULL ,
[TASK_ID_] nvarchar(64) NULL ,
[BYTEARRAY_ID_] nvarchar(64) NULL ,
[DOUBLE_] float(53) NULL ,
[LONG_] bigint NULL ,
[TEXT_] nvarchar(4000) NULL ,
[TEXT2_] nvarchar(4000) NULL 
)


GO

-- ----------------------------
-- Records of act_ru_variable
-- ----------------------------
INSERT INTO [dbo].[act_ru_variable] ([ID_], [REV_], [TYPE_], [NAME_], [EXECUTION_ID_], [PROC_INST_ID_], [TASK_ID_], [BYTEARRAY_ID_], [DOUBLE_], [LONG_], [TEXT_], [TEXT2_]) VALUES (N'175052', N'1', N'serializable', N'userLeave', N'175049', N'175049', null, N'175051', null, null, null, null)
GO
GO
INSERT INTO [dbo].[act_ru_variable] ([ID_], [REV_], [TYPE_], [NAME_], [EXECUTION_ID_], [PROC_INST_ID_], [TASK_ID_], [BYTEARRAY_ID_], [DOUBLE_], [LONG_], [TEXT_], [TEXT2_]) VALUES (N'175059', N'2', N'boolean', N'flag', N'175049', N'175049', null, null, null, N'1', null, null)
GO
GO
INSERT INTO [dbo].[act_ru_variable] ([ID_], [REV_], [TYPE_], [NAME_], [EXECUTION_ID_], [PROC_INST_ID_], [TASK_ID_], [BYTEARRAY_ID_], [DOUBLE_], [LONG_], [TEXT_], [TEXT2_]) VALUES (N'175062', N'1', N'serializable', N'leaveOpinionList', N'175049', N'175049', null, N'175061', null, null, null, null)
GO
GO

-- ----------------------------
-- Table structure for sys_dict_item
-- ----------------------------
DROP TABLE [dbo].[sys_dict_item]
GO
CREATE TABLE [dbo].[sys_dict_item] (
[id] nvarchar(32) NOT NULL ,
[sequence] int NOT NULL ,
[value] nvarchar(100) NOT NULL ,
[description] nvarchar(100) NOT NULL ,
[type_id] nvarchar(32) NOT NULL ,
[create_by] nvarchar(32) NULL ,
[create_date] datetime2(0) NULL ,
[update_by] nvarchar(32) NULL ,
[update_date] datetime2(0) NULL ,
[del_flag] nchar(1) NOT NULL 
)


GO
IF ((SELECT COUNT(*) from fn_listextendedproperty('MS_Description', 
'SCHEMA', N'dbo', 
'TABLE', N'sys_dict_item', 
NULL, NULL)) > 0) 
EXEC sp_updateextendedproperty @name = N'MS_Description', @value = N'字典子表'
, @level0type = 'SCHEMA', @level0name = N'dbo'
, @level1type = 'TABLE', @level1name = N'sys_dict_item'
ELSE
EXEC sp_addextendedproperty @name = N'MS_Description', @value = N'字典子表'
, @level0type = 'SCHEMA', @level0name = N'dbo'
, @level1type = 'TABLE', @level1name = N'sys_dict_item'
GO
IF ((SELECT COUNT(*) from fn_listextendedproperty('MS_Description', 
'SCHEMA', N'dbo', 
'TABLE', N'sys_dict_item', 
'COLUMN', N'sequence')) > 0) 
EXEC sp_updateextendedproperty @name = N'MS_Description', @value = N'序号'
, @level0type = 'SCHEMA', @level0name = N'dbo'
, @level1type = 'TABLE', @level1name = N'sys_dict_item'
, @level2type = 'COLUMN', @level2name = N'sequence'
ELSE
EXEC sp_addextendedproperty @name = N'MS_Description', @value = N'序号'
, @level0type = 'SCHEMA', @level0name = N'dbo'
, @level1type = 'TABLE', @level1name = N'sys_dict_item'
, @level2type = 'COLUMN', @level2name = N'sequence'
GO
IF ((SELECT COUNT(*) from fn_listextendedproperty('MS_Description', 
'SCHEMA', N'dbo', 
'TABLE', N'sys_dict_item', 
'COLUMN', N'value')) > 0) 
EXEC sp_updateextendedproperty @name = N'MS_Description', @value = N'值'
, @level0type = 'SCHEMA', @level0name = N'dbo'
, @level1type = 'TABLE', @level1name = N'sys_dict_item'
, @level2type = 'COLUMN', @level2name = N'value'
ELSE
EXEC sp_addextendedproperty @name = N'MS_Description', @value = N'值'
, @level0type = 'SCHEMA', @level0name = N'dbo'
, @level1type = 'TABLE', @level1name = N'sys_dict_item'
, @level2type = 'COLUMN', @level2name = N'value'
GO
IF ((SELECT COUNT(*) from fn_listextendedproperty('MS_Description', 
'SCHEMA', N'dbo', 
'TABLE', N'sys_dict_item', 
'COLUMN', N'description')) > 0) 
EXEC sp_updateextendedproperty @name = N'MS_Description', @value = N'描述'
, @level0type = 'SCHEMA', @level0name = N'dbo'
, @level1type = 'TABLE', @level1name = N'sys_dict_item'
, @level2type = 'COLUMN', @level2name = N'description'
ELSE
EXEC sp_addextendedproperty @name = N'MS_Description', @value = N'描述'
, @level0type = 'SCHEMA', @level0name = N'dbo'
, @level1type = 'TABLE', @level1name = N'sys_dict_item'
, @level2type = 'COLUMN', @level2name = N'description'
GO
IF ((SELECT COUNT(*) from fn_listextendedproperty('MS_Description', 
'SCHEMA', N'dbo', 
'TABLE', N'sys_dict_item', 
'COLUMN', N'type_id')) > 0) 
EXEC sp_updateextendedproperty @name = N'MS_Description', @value = N'字典id外检'
, @level0type = 'SCHEMA', @level0name = N'dbo'
, @level1type = 'TABLE', @level1name = N'sys_dict_item'
, @level2type = 'COLUMN', @level2name = N'type_id'
ELSE
EXEC sp_addextendedproperty @name = N'MS_Description', @value = N'字典id外检'
, @level0type = 'SCHEMA', @level0name = N'dbo'
, @level1type = 'TABLE', @level1name = N'sys_dict_item'
, @level2type = 'COLUMN', @level2name = N'type_id'
GO
IF ((SELECT COUNT(*) from fn_listextendedproperty('MS_Description', 
'SCHEMA', N'dbo', 
'TABLE', N'sys_dict_item', 
'COLUMN', N'del_flag')) > 0) 
EXEC sp_updateextendedproperty @name = N'MS_Description', @value = N'删除标识'
, @level0type = 'SCHEMA', @level0name = N'dbo'
, @level1type = 'TABLE', @level1name = N'sys_dict_item'
, @level2type = 'COLUMN', @level2name = N'del_flag'
ELSE
EXEC sp_addextendedproperty @name = N'MS_Description', @value = N'删除标识'
, @level0type = 'SCHEMA', @level0name = N'dbo'
, @level1type = 'TABLE', @level1name = N'sys_dict_item'
, @level2type = 'COLUMN', @level2name = N'del_flag'
GO

-- ----------------------------
-- Records of sys_dict_item
-- ----------------------------

-- ----------------------------
-- Table structure for sys_dict_type
-- ----------------------------
DROP TABLE [dbo].[sys_dict_type]
GO
CREATE TABLE [dbo].[sys_dict_type] (
[id] nvarchar(32) NOT NULL ,
[code] nvarchar(255) NOT NULL ,
[del_flag] nchar(1) NOT NULL ,
[text] nvarchar(255) NOT NULL ,
[create_by] nvarchar(32) NULL ,
[create_date] datetime2(0) NULL ,
[update_by] nvarchar(32) NULL ,
[update_date] datetime2(0) NULL 
)


GO
IF ((SELECT COUNT(*) from fn_listextendedproperty('MS_Description', 
'SCHEMA', N'dbo', 
'TABLE', N'sys_dict_type', 
NULL, NULL)) > 0) 
EXEC sp_updateextendedproperty @name = N'MS_Description', @value = N'字典主表'
, @level0type = 'SCHEMA', @level0name = N'dbo'
, @level1type = 'TABLE', @level1name = N'sys_dict_type'
ELSE
EXEC sp_addextendedproperty @name = N'MS_Description', @value = N'字典主表'
, @level0type = 'SCHEMA', @level0name = N'dbo'
, @level1type = 'TABLE', @level1name = N'sys_dict_type'
GO
IF ((SELECT COUNT(*) from fn_listextendedproperty('MS_Description', 
'SCHEMA', N'dbo', 
'TABLE', N'sys_dict_type', 
'COLUMN', N'code')) > 0) 
EXEC sp_updateextendedproperty @name = N'MS_Description', @value = N'编码'
, @level0type = 'SCHEMA', @level0name = N'dbo'
, @level1type = 'TABLE', @level1name = N'sys_dict_type'
, @level2type = 'COLUMN', @level2name = N'code'
ELSE
EXEC sp_addextendedproperty @name = N'MS_Description', @value = N'编码'
, @level0type = 'SCHEMA', @level0name = N'dbo'
, @level1type = 'TABLE', @level1name = N'sys_dict_type'
, @level2type = 'COLUMN', @level2name = N'code'
GO
IF ((SELECT COUNT(*) from fn_listextendedproperty('MS_Description', 
'SCHEMA', N'dbo', 
'TABLE', N'sys_dict_type', 
'COLUMN', N'del_flag')) > 0) 
EXEC sp_updateextendedproperty @name = N'MS_Description', @value = N'删除标识'
, @level0type = 'SCHEMA', @level0name = N'dbo'
, @level1type = 'TABLE', @level1name = N'sys_dict_type'
, @level2type = 'COLUMN', @level2name = N'del_flag'
ELSE
EXEC sp_addextendedproperty @name = N'MS_Description', @value = N'删除标识'
, @level0type = 'SCHEMA', @level0name = N'dbo'
, @level1type = 'TABLE', @level1name = N'sys_dict_type'
, @level2type = 'COLUMN', @level2name = N'del_flag'
GO
IF ((SELECT COUNT(*) from fn_listextendedproperty('MS_Description', 
'SCHEMA', N'dbo', 
'TABLE', N'sys_dict_type', 
'COLUMN', N'text')) > 0) 
EXEC sp_updateextendedproperty @name = N'MS_Description', @value = N'字典名称'
, @level0type = 'SCHEMA', @level0name = N'dbo'
, @level1type = 'TABLE', @level1name = N'sys_dict_type'
, @level2type = 'COLUMN', @level2name = N'text'
ELSE
EXEC sp_addextendedproperty @name = N'MS_Description', @value = N'字典名称'
, @level0type = 'SCHEMA', @level0name = N'dbo'
, @level1type = 'TABLE', @level1name = N'sys_dict_type'
, @level2type = 'COLUMN', @level2name = N'text'
GO

-- ----------------------------
-- Records of sys_dict_type
-- ----------------------------

-- ----------------------------
-- Table structure for sys_job
-- ----------------------------
DROP TABLE [dbo].[sys_job]
GO
CREATE TABLE [dbo].[sys_job] (
[id] nvarchar(32) NOT NULL ,
[job_name] nvarchar(255) NOT NULL ,
[cron] nvarchar(255) NOT NULL ,
[status] tinyint NOT NULL ,
[clazz_path] nvarchar(255) NOT NULL ,
[job_desc] nvarchar(255) NULL ,
[create_by] nvarchar(255) NULL ,
[create_date] datetime2(0) NULL ,
[update_by] nvarchar(255) NULL ,
[update_date] datetime2(0) NULL 
)


GO
IF ((SELECT COUNT(*) from fn_listextendedproperty('MS_Description', 
'SCHEMA', N'dbo', 
'TABLE', N'sys_job', 
'COLUMN', N'job_name')) > 0) 
EXEC sp_updateextendedproperty @name = N'MS_Description', @value = N'描述任务'
, @level0type = 'SCHEMA', @level0name = N'dbo'
, @level1type = 'TABLE', @level1name = N'sys_job'
, @level2type = 'COLUMN', @level2name = N'job_name'
ELSE
EXEC sp_addextendedproperty @name = N'MS_Description', @value = N'描述任务'
, @level0type = 'SCHEMA', @level0name = N'dbo'
, @level1type = 'TABLE', @level1name = N'sys_job'
, @level2type = 'COLUMN', @level2name = N'job_name'
GO
IF ((SELECT COUNT(*) from fn_listextendedproperty('MS_Description', 
'SCHEMA', N'dbo', 
'TABLE', N'sys_job', 
'COLUMN', N'cron')) > 0) 
EXEC sp_updateextendedproperty @name = N'MS_Description', @value = N'任务表达式'
, @level0type = 'SCHEMA', @level0name = N'dbo'
, @level1type = 'TABLE', @level1name = N'sys_job'
, @level2type = 'COLUMN', @level2name = N'cron'
ELSE
EXEC sp_addextendedproperty @name = N'MS_Description', @value = N'任务表达式'
, @level0type = 'SCHEMA', @level0name = N'dbo'
, @level1type = 'TABLE', @level1name = N'sys_job'
, @level2type = 'COLUMN', @level2name = N'cron'
GO
IF ((SELECT COUNT(*) from fn_listextendedproperty('MS_Description', 
'SCHEMA', N'dbo', 
'TABLE', N'sys_job', 
'COLUMN', N'status')) > 0) 
EXEC sp_updateextendedproperty @name = N'MS_Description', @value = N'状态:0未启动false/1启动true'
, @level0type = 'SCHEMA', @level0name = N'dbo'
, @level1type = 'TABLE', @level1name = N'sys_job'
, @level2type = 'COLUMN', @level2name = N'status'
ELSE
EXEC sp_addextendedproperty @name = N'MS_Description', @value = N'状态:0未启动false/1启动true'
, @level0type = 'SCHEMA', @level0name = N'dbo'
, @level1type = 'TABLE', @level1name = N'sys_job'
, @level2type = 'COLUMN', @level2name = N'status'
GO
IF ((SELECT COUNT(*) from fn_listextendedproperty('MS_Description', 
'SCHEMA', N'dbo', 
'TABLE', N'sys_job', 
'COLUMN', N'clazz_path')) > 0) 
EXEC sp_updateextendedproperty @name = N'MS_Description', @value = N'任务执行方法'
, @level0type = 'SCHEMA', @level0name = N'dbo'
, @level1type = 'TABLE', @level1name = N'sys_job'
, @level2type = 'COLUMN', @level2name = N'clazz_path'
ELSE
EXEC sp_addextendedproperty @name = N'MS_Description', @value = N'任务执行方法'
, @level0type = 'SCHEMA', @level0name = N'dbo'
, @level1type = 'TABLE', @level1name = N'sys_job'
, @level2type = 'COLUMN', @level2name = N'clazz_path'
GO
IF ((SELECT COUNT(*) from fn_listextendedproperty('MS_Description', 
'SCHEMA', N'dbo', 
'TABLE', N'sys_job', 
'COLUMN', N'job_desc')) > 0) 
EXEC sp_updateextendedproperty @name = N'MS_Description', @value = N'其他描述'
, @level0type = 'SCHEMA', @level0name = N'dbo'
, @level1type = 'TABLE', @level1name = N'sys_job'
, @level2type = 'COLUMN', @level2name = N'job_desc'
ELSE
EXEC sp_addextendedproperty @name = N'MS_Description', @value = N'其他描述'
, @level0type = 'SCHEMA', @level0name = N'dbo'
, @level1type = 'TABLE', @level1name = N'sys_job'
, @level2type = 'COLUMN', @level2name = N'job_desc'
GO

-- ----------------------------
-- Records of sys_job
-- ----------------------------
INSERT INTO [dbo].[sys_job] ([id], [job_name], [cron], [status], [clazz_path], [job_desc], [create_by], [create_date], [update_by], [update_date]) VALUES (N'55147ebdf2f611e7a4fe201a068c6482', N'测试定时demo1', N'0/5 * * * * ?', N'0', N'com.len.core.quartz.CustomQuartz.JobDemo1', N'测试定时demo1', N'acfc0e9232f54732a5d9ffe9071bf572', N'2018-01-07 12:30:00', N'acfc0e9232f54732a5d9ffe9071bf572', N'2018-01-08 00:09:06')
GO
GO
INSERT INTO [dbo].[sys_job] ([id], [job_name], [cron], [status], [clazz_path], [job_desc], [create_by], [create_date], [update_by], [update_date]) VALUES (N'ab648a22f38d11e7aca0201a068c6482', N'任务demo2', N'0 0/1 * * * ?', N'1', N'com.len.core.quartz.CustomQuartz.JobDemo2', N'任务demo2', N'acfc0e9232f54732a5d9ffe9071bf572', N'2018-01-07 17:32:36', N'acfc0e9232f54732a5d9ffe9071bf572', N'2018-01-13 19:34:38')
GO
GO

-- ----------------------------
-- Table structure for sys_log
-- ----------------------------
DROP TABLE [dbo].[sys_log]
GO
CREATE TABLE [dbo].[sys_log] (
[id] int NOT NULL IDENTITY(1,1) ,
[user_name] nvarchar(32) NULL ,
[ip] nvarchar(255) NULL ,
[type] nvarchar(255) NULL ,
[text] nvarchar(255) NULL ,
[param] nvarchar(MAX) NULL ,
[create_time] datetime2(0) NULL 
)


GO
DBCC CHECKIDENT(N'[dbo].[sys_log]', RESEED, 15)
GO

-- ----------------------------
-- Records of sys_log
-- ----------------------------
SET IDENTITY_INSERT [dbo].[sys_log] ON
GO
INSERT INTO [dbo].[sys_log] ([id], [user_name], [ip], [type], [text], [param], [create_time]) VALUES (N'2', null, null, N'ATHOR', N'开启定时任务', N'[参数1:{"clazzPath":"com.len.core.quartz.CustomQuartz.JobDemo2","createBy":"acfc0e9232f54732a5d9ffe9071bf572","createDate":1515317556000,"cron":"0 0/1 * * * ?","id":"ab648a22f38d11e7aca0201a068c6482","jobDesc":"任务demo2","jobName":"任务demo2","status":true,"updateBy":"acfc0e9232f54732a5d9ffe9071bf572","updateDate":1515843278000}]', N'2018-06-12 22:22:44')
GO
GO
INSERT INTO [dbo].[sys_log] ([id], [user_name], [ip], [type], [text], [param], [create_time]) VALUES (N'3', N'admin', N'0:0:0:0:0:0:0:1', N'ATHOR', N'添加用户', N'[参数1:{"age":18,"email":"","password":"111111","photo":"b71b35e8-a4c2-4334-b516-c48a8304d29a.jpeg","realName":"111","username":"wangwu"}][参数2:null]', N'2018-06-12 22:24:03')
GO
GO
INSERT INTO [dbo].[sys_log] ([id], [user_name], [ip], [type], [text], [param], [create_time]) VALUES (N'8', null, null, N'ATHOR', N'开启定时任务', N'[参数1:{"clazzPath":"com.len.core.quartz.CustomQuartz.JobDemo2","createBy":"acfc0e9232f54732a5d9ffe9071bf572","createDate":1515317556000,"cron":"0 0/1 * * * ?","id":"ab648a22f38d11e7aca0201a068c6482","jobDesc":"任务demo2","jobName":"任务demo2","status":true,"updateBy":"acfc0e9232f54732a5d9ffe9071bf572","updateDate":1515843278000}]', N'2018-06-12 22:32:20')
GO
GO
INSERT INTO [dbo].[sys_log] ([id], [user_name], [ip], [type], [text], [param], [create_time]) VALUES (N'9', N'admin', N'0:0:0:0:0:0:0:1', N'ATHOR', N'添加用户', N'[参数1:{"age":22,"email":"","password":"111111","photo":"","realName":"22","username":"2222"}][参数2:null]', N'2018-06-12 22:32:46')
GO
GO
INSERT INTO [dbo].[sys_log] ([id], [user_name], [ip], [type], [text], [param], [create_time]) VALUES (N'12', N'admin', N'0:0:0:0:0:0:0:1', N'ATHOR', N'添加用户', N'[参数1:{"age":22,"createBy":"acfc0e9232f54732a5d9ffe9071bf572","createDate":1528814143994,"email":"","id":"85d096a27c7e4775ad2ae9c520ba2141","password":"59db70ec1c45a2a6dd9de8f6d5032ae9","photo":"","realName":"22","username":"2222"}][参数2:["023366f3457511e8bcf1309c2315f9aa"]]', N'2018-06-12 22:35:51')
GO
GO
INSERT INTO [dbo].[sys_log] ([id], [user_name], [ip], [type], [text], [param], [create_time]) VALUES (N'13', null, null, N'ATHOR', N'开启定时任务', N'[参数1:{"clazzPath":"com.len.core.quartz.CustomQuartz.JobDemo2","createBy":"acfc0e9232f54732a5d9ffe9071bf572","createDate":1515317556000,"cron":"0 0/1 * * * ?","id":"ab648a22f38d11e7aca0201a068c6482","jobDesc":"任务demo2","jobName":"任务demo2","status":true,"updateBy":"acfc0e9232f54732a5d9ffe9071bf572","updateDate":1515843278000}]', N'2018-06-12 22:39:45')
GO
GO
INSERT INTO [dbo].[sys_log] ([id], [user_name], [ip], [type], [text], [param], [create_time]) VALUES (N'14', null, null, N'ATHOR', N'开启定时任务', N'[参数1:{"clazzPath":"com.len.core.quartz.CustomQuartz.JobDemo2","createBy":"acfc0e9232f54732a5d9ffe9071bf572","createDate":1515317556000,"cron":"0 0/1 * * * ?","id":"ab648a22f38d11e7aca0201a068c6482","jobDesc":"任务demo2","jobName":"任务demo2","status":true,"updateBy":"acfc0e9232f54732a5d9ffe9071bf572","updateDate":1515843278000}]', N'2018-06-12 22:41:12')
GO
GO
INSERT INTO [dbo].[sys_log] ([id], [user_name], [ip], [type], [text], [param], [create_time]) VALUES (N'15', null, null, N'ATHOR', N'开启定时任务', N'[参数1:{"clazzPath":"com.len.core.quartz.CustomQuartz.JobDemo2","createBy":"acfc0e9232f54732a5d9ffe9071bf572","createDate":1515317556000,"cron":"0 0/1 * * * ?","id":"ab648a22f38d11e7aca0201a068c6482","jobDesc":"任务demo2","jobName":"任务demo2","status":true,"updateBy":"acfc0e9232f54732a5d9ffe9071bf572","updateDate":1515843278000}]', N'2018-06-12 22:45:41')
GO
GO
SET IDENTITY_INSERT [dbo].[sys_log] OFF
GO

-- ----------------------------
-- Table structure for sys_menu
-- ----------------------------
DROP TABLE [dbo].[sys_menu]
GO
CREATE TABLE [dbo].[sys_menu] (
[id] nvarchar(36) NOT NULL ,
[name] nvarchar(255) NOT NULL ,
[p_id] nvarchar(36) NULL ,
[url] nvarchar(255) NULL ,
[order_num] int NULL ,
[icon] nvarchar(255) NULL ,
[create_by] nvarchar(32) NULL ,
[create_date] datetime2(0) NULL ,
[update_by] nvarchar(32) NULL ,
[update_date] datetime2(0) NULL ,
[permission] nvarchar(255) NULL ,
[menu_type] tinyint NOT NULL 
)


GO
IF ((SELECT COUNT(*) from fn_listextendedproperty('MS_Description', 
'SCHEMA', N'dbo', 
'TABLE', N'sys_menu', 
'COLUMN', N'order_num')) > 0) 
EXEC sp_updateextendedproperty @name = N'MS_Description', @value = N'排序字段'
, @level0type = 'SCHEMA', @level0name = N'dbo'
, @level1type = 'TABLE', @level1name = N'sys_menu'
, @level2type = 'COLUMN', @level2name = N'order_num'
ELSE
EXEC sp_addextendedproperty @name = N'MS_Description', @value = N'排序字段'
, @level0type = 'SCHEMA', @level0name = N'dbo'
, @level1type = 'TABLE', @level1name = N'sys_menu'
, @level2type = 'COLUMN', @level2name = N'order_num'
GO
IF ((SELECT COUNT(*) from fn_listextendedproperty('MS_Description', 
'SCHEMA', N'dbo', 
'TABLE', N'sys_menu', 
'COLUMN', N'icon')) > 0) 
EXEC sp_updateextendedproperty @name = N'MS_Description', @value = N'图标'
, @level0type = 'SCHEMA', @level0name = N'dbo'
, @level1type = 'TABLE', @level1name = N'sys_menu'
, @level2type = 'COLUMN', @level2name = N'icon'
ELSE
EXEC sp_addextendedproperty @name = N'MS_Description', @value = N'图标'
, @level0type = 'SCHEMA', @level0name = N'dbo'
, @level1type = 'TABLE', @level1name = N'sys_menu'
, @level2type = 'COLUMN', @level2name = N'icon'
GO
IF ((SELECT COUNT(*) from fn_listextendedproperty('MS_Description', 
'SCHEMA', N'dbo', 
'TABLE', N'sys_menu', 
'COLUMN', N'permission')) > 0) 
EXEC sp_updateextendedproperty @name = N'MS_Description', @value = N'权限'
, @level0type = 'SCHEMA', @level0name = N'dbo'
, @level1type = 'TABLE', @level1name = N'sys_menu'
, @level2type = 'COLUMN', @level2name = N'permission'
ELSE
EXEC sp_addextendedproperty @name = N'MS_Description', @value = N'权限'
, @level0type = 'SCHEMA', @level0name = N'dbo'
, @level1type = 'TABLE', @level1name = N'sys_menu'
, @level2type = 'COLUMN', @level2name = N'permission'
GO
IF ((SELECT COUNT(*) from fn_listextendedproperty('MS_Description', 
'SCHEMA', N'dbo', 
'TABLE', N'sys_menu', 
'COLUMN', N'menu_type')) > 0) 
EXEC sp_updateextendedproperty @name = N'MS_Description', @value = N'1栏目2菜单'
, @level0type = 'SCHEMA', @level0name = N'dbo'
, @level1type = 'TABLE', @level1name = N'sys_menu'
, @level2type = 'COLUMN', @level2name = N'menu_type'
ELSE
EXEC sp_addextendedproperty @name = N'MS_Description', @value = N'1栏目2菜单'
, @level0type = 'SCHEMA', @level0name = N'dbo'
, @level1type = 'TABLE', @level1name = N'sys_menu'
, @level2type = 'COLUMN', @level2name = N'menu_type'
GO

-- ----------------------------
-- Records of sys_menu
-- ----------------------------
INSERT INTO [dbo].[sys_menu] ([id], [name], [p_id], [url], [order_num], [icon], [create_by], [create_date], [update_by], [update_date], [permission], [menu_type]) VALUES (N'0e6c8d4cf09511e78a57201a068c6482', N'删除', N'cff61424dfb311e7b555201a068c6482', null, N'3', N'', N'acfc0e9232f54732a5d9ffe9071bf572', N'2018-01-03 22:47:44', null, null, N'role:del', N'1')
GO
GO
INSERT INTO [dbo].[sys_menu] ([id], [name], [p_id], [url], [order_num], [icon], [create_by], [create_date], [update_by], [update_date], [permission], [menu_type]) VALUES (N'18bf8d5df09511e78a57201a068c6482', N'新增', N'3873ccc2dfda11e7b555201a068c6482', null, N'1', N'', N'acfc0e9232f54732a5d9ffe9071bf572', N'2018-01-03 22:48:01', null, null, N'nemu:add', N'1')
GO
GO
INSERT INTO [dbo].[sys_menu] ([id], [name], [p_id], [url], [order_num], [icon], [create_by], [create_date], [update_by], [update_date], [permission], [menu_type]) VALUES (N'28661300f9d411e7a009201a068c6482', N'流程管理', N'e06da471f90311e780aa201a068c6482', N'/act/goAct', N'2', N'&#xe630;', N'acfc0e9232f54732a5d9ffe9071bf572', N'2018-01-15 17:12:06', null, null, N'act:deployment', N'0')
GO
GO
INSERT INTO [dbo].[sys_menu] ([id], [name], [p_id], [url], [order_num], [icon], [create_by], [create_date], [update_by], [update_date], [permission], [menu_type]) VALUES (N'2b56410cf09411e78a57201a068c6482', N'新增', N'cff61424dfb311e7b555201a068c6482', null, N'1', N'', N'acfc0e9232f54732a5d9ffe9071bf572', N'2018-01-03 22:41:23', null, null, N'role:add', N'1')
GO
GO
INSERT INTO [dbo].[sys_menu] ([id], [name], [p_id], [url], [order_num], [icon], [create_by], [create_date], [update_by], [update_date], [permission], [menu_type]) VALUES (N'3873ccc2dfda11e7b555201a068c6482', N'菜单管理', N'cfda8029dfb311e7b555201a068c6482', N'menu/showMenu', N'1', N'', null, N'2017-12-14 14:02:50', N'acfc0e9232f54732a5d9ffe9071bf572', N'2018-04-23 19:43:54', N'menu:show', N'0')
GO
GO
INSERT INTO [dbo].[sys_menu] ([id], [name], [p_id], [url], [order_num], [icon], [create_by], [create_date], [update_by], [update_date], [permission], [menu_type]) VALUES (N'433089a6eb0111e782d5201a068c6482', N'编辑', N'cfe54921dfb311e7b555201a068c6482', N'', null, N'1', N'acfc0e9232f54732a5d9ffe9071bf572', N'2017-12-27 20:27:11', null, null, N'user:update', N'1')
GO
GO
INSERT INTO [dbo].[sys_menu] ([id], [name], [p_id], [url], [order_num], [icon], [create_by], [create_date], [update_by], [update_date], [permission], [menu_type]) VALUES (N'4d603831fe9b11e7b472201a068c6482', N'待办任务', N'e06da471f90311e780aa201a068c6482', N'/leave/showTask', N'5', N'&#xe6af;', N'acfc0e9232f54732a5d9ffe9071bf572', N'2018-01-21 19:07:43', null, null, N'task:show', N'0')
GO
GO
INSERT INTO [dbo].[sys_menu] ([id], [name], [p_id], [url], [order_num], [icon], [create_by], [create_date], [update_by], [update_date], [permission], [menu_type]) VALUES (N'5ae3d4e9f38e11e7aca0201a068c6482', N'新增', N'e9a13e55f35911e7aca0201a068c6482', null, N'1', N'', N'acfc0e9232f54732a5d9ffe9071bf572', N'2018-01-07 17:37:30', null, null, N'job:add', N'1')
GO
GO
INSERT INTO [dbo].[sys_menu] ([id], [name], [p_id], [url], [order_num], [icon], [create_by], [create_date], [update_by], [update_date], [permission], [menu_type]) VALUES (N'6315968bf37111e7aca0201a068c6482', N'停止', N'e9a13e55f35911e7aca0201a068c6482', null, N'4', N'', N'acfc0e9232f54732a5d9ffe9071bf572', N'2018-01-07 14:10:09', null, null, N'job:end', N'1')
GO
GO
INSERT INTO [dbo].[sys_menu] ([id], [name], [p_id], [url], [order_num], [icon], [create_by], [create_date], [update_by], [update_date], [permission], [menu_type]) VALUES (N'63da4415fc6211e7a781201a068c6482', N'模型列表', N'e06da471f90311e780aa201a068c6482', N'/act/goActModel', N'3', N'&#xe60a;', N'acfc0e9232f54732a5d9ffe9071bf572', N'2018-01-18 23:15:17', null, null, N'act', N'0')
GO
GO
INSERT INTO [dbo].[sys_menu] ([id], [name], [p_id], [url], [order_num], [icon], [create_by], [create_date], [update_by], [update_date], [permission], [menu_type]) VALUES (N'6931fd22f09611e78a57201a068c6482', N'删除', N'b441914cee0811e7a60d201a068c6482', null, N'1', N'', N'acfc0e9232f54732a5d9ffe9071bf572', N'2018-01-03 22:57:26', null, null, N'control:del', N'1')
GO
GO
INSERT INTO [dbo].[sys_menu] ([id], [name], [p_id], [url], [order_num], [icon], [create_by], [create_date], [update_by], [update_date], [permission], [menu_type]) VALUES (N'69f3f59cf38e11e7aca0201a068c6482', N'编辑', N'e9a13e55f35911e7aca0201a068c6482', null, N'2', N'', N'acfc0e9232f54732a5d9ffe9071bf572', N'2018-01-07 17:37:56', null, null, N'job:update', N'1')
GO
GO
INSERT INTO [dbo].[sys_menu] ([id], [name], [p_id], [url], [order_num], [icon], [create_by], [create_date], [update_by], [update_date], [permission], [menu_type]) VALUES (N'6dc13c6eec5f11e7a472201a068c6482', N'系统日志', N'a1ca6642ec5e11e7a472201a068c6482', N'log/showLog', N'1', N'&#xe60a;', N'acfc0e9232f54732a5d9ffe9071bf572', N'2017-12-29 14:43:46', null, N'2017-12-29 14:43:46', N'log:show', N'0')
GO
GO
INSERT INTO [dbo].[sys_menu] ([id], [name], [p_id], [url], [order_num], [icon], [create_by], [create_date], [update_by], [update_date], [permission], [menu_type]) VALUES (N'788d8e34f38e11e7aca0201a068c6482', N'删除', N'e9a13e55f35911e7aca0201a068c6482', null, N'5', N'', N'acfc0e9232f54732a5d9ffe9071bf572', N'2018-01-07 17:38:20', null, null, N'job:del', N'1')
GO
GO
INSERT INTO [dbo].[sys_menu] ([id], [name], [p_id], [url], [order_num], [icon], [create_by], [create_date], [update_by], [update_date], [permission], [menu_type]) VALUES (N'7967e098ee0611e7a60d201a068c6482', N'接口api', N'a1ca6642ec5e11e7a472201a068c6482', N'swagger-ui.html', N'2', N'&#xe64e;', N'acfc0e9232f54732a5d9ffe9071bf572', N'2017-12-31 16:42:04', null, null, null, N'0')
GO
GO
INSERT INTO [dbo].[sys_menu] ([id], [name], [p_id], [url], [order_num], [icon], [create_by], [create_date], [update_by], [update_date], [permission], [menu_type]) VALUES (N'873f30b0f38e11e7aca0201a068c6482', N'查看', N'e9a13e55f35911e7aca0201a068c6482', null, N'6', N'', N'acfc0e9232f54732a5d9ffe9071bf572', N'2018-01-07 17:38:45', null, null, N'job:select', N'1')
GO
GO
INSERT INTO [dbo].[sys_menu] ([id], [name], [p_id], [url], [order_num], [icon], [create_by], [create_date], [update_by], [update_date], [permission], [menu_type]) VALUES (N'88b8e5d1f38911e7aca0201a068c6482', N'查看', N'cff61424dfb311e7b555201a068c6482', null, N'4', N'', N'acfc0e9232f54732a5d9ffe9071bf572', N'2018-01-07 17:03:00', null, null, N'role:select', N'1')
GO
GO
INSERT INTO [dbo].[sys_menu] ([id], [name], [p_id], [url], [order_num], [icon], [create_by], [create_date], [update_by], [update_date], [permission], [menu_type]) VALUES (N'a1ca6642ec5e11e7a472201a068c6482', N'系统监控', null, null, N'2', N'&#xe62c;', N'acfc0e9232f54732a5d9ffe9071bf572', N'2018-01-03 10:56:14', null, N'2018-01-03 10:56:14', null, N'0')
GO
GO
INSERT INTO [dbo].[sys_menu] ([id], [name], [p_id], [url], [order_num], [icon], [create_by], [create_date], [update_by], [update_date], [permission], [menu_type]) VALUES (N'b441914cee0811e7a60d201a068c6482', N'系统监控', N'a1ca6642ec5e11e7a472201a068c6482', N'druid/index.html', N'3', N'&#xe628;', N'acfc0e9232f54732a5d9ffe9071bf572', N'2017-12-31 16:58:01', null, null, null, N'0')
GO
GO
INSERT INTO [dbo].[sys_menu] ([id], [name], [p_id], [url], [order_num], [icon], [create_by], [create_date], [update_by], [update_date], [permission], [menu_type]) VALUES (N'b7839f59fe8811e7b472201a068c6482', N'请假流程', N'e06da471f90311e780aa201a068c6482', N'/leave/showLeave', N'4', N'&#xe650;', N'acfc0e9232f54732a5d9ffe9071bf572', N'2018-01-21 16:54:40', null, null, N'leave:show', N'0')
GO
GO
INSERT INTO [dbo].[sys_menu] ([id], [name], [p_id], [url], [order_num], [icon], [create_by], [create_date], [update_by], [update_date], [permission], [menu_type]) VALUES (N'cfda8029dfb311e7b555201a068c6482', N'系统管理', null, null, N'1', N'&#xe614;', null, N'2018-01-03 10:56:13', null, N'2018-01-03 10:56:13', null, N'0')
GO
GO
INSERT INTO [dbo].[sys_menu] ([id], [name], [p_id], [url], [order_num], [icon], [create_by], [create_date], [update_by], [update_date], [permission], [menu_type]) VALUES (N'cfe54921dfb311e7b555201a068c6482', N'用户管理', N'cfda8029dfb311e7b555201a068c6482', N'/user/showUser', N'2', N'&#xe6af;', null, N'2017-12-29 14:40:34', null, N'2017-12-29 14:40:34', N'user:show', N'0')
GO
GO
INSERT INTO [dbo].[sys_menu] ([id], [name], [p_id], [url], [order_num], [icon], [create_by], [create_date], [update_by], [update_date], [permission], [menu_type]) VALUES (N'cfe54921dfb311e7b555201a068c6483', N'增加', N'cfe54921dfb311e7b555201a068c6482', null, N'1', null, null, null, null, null, N'user:select', N'1')
GO
GO
INSERT INTO [dbo].[sys_menu] ([id], [name], [p_id], [url], [order_num], [icon], [create_by], [create_date], [update_by], [update_date], [permission], [menu_type]) VALUES (N'cff61424dfb311e7b555201a068c6482', N'角色管理', N'cfda8029dfb311e7b555201a068c6482', N'/role/showRole', N'3', N'&#xe613;', null, N'2017-12-29 14:40:36', null, N'2017-12-29 14:40:36', N'role:show', N'0')
GO
GO
INSERT INTO [dbo].[sys_menu] ([id], [name], [p_id], [url], [order_num], [icon], [create_by], [create_date], [update_by], [update_date], [permission], [menu_type]) VALUES (N'e06da471f90311e780aa201a068c6482', N'工作流程管理', null, null, N'3', N'&#xe628;', N'acfc0e9232f54732a5d9ffe9071bf572', N'2018-01-14 16:21:10', null, null, null, N'0')
GO
GO
INSERT INTO [dbo].[sys_menu] ([id], [name], [p_id], [url], [order_num], [icon], [create_by], [create_date], [update_by], [update_date], [permission], [menu_type]) VALUES (N'e3b11497eb9e11e7928d201a068c6482', N'删除', N'cfe54921dfb311e7b555201a068c6482', N'', null, N'', N'acfc0e9232f54732a5d9ffe9071bf572', N'2017-12-28 15:17:07', null, N'2017-12-28 15:17:07', N'user:del', N'1')
GO
GO
INSERT INTO [dbo].[sys_menu] ([id], [name], [p_id], [url], [order_num], [icon], [create_by], [create_date], [update_by], [update_date], [permission], [menu_type]) VALUES (N'e9a13e55f35911e7aca0201a068c6482', N'定时任务', N'a1ca6642ec5e11e7a472201a068c6482', N'/job/showJob', N'3', N'&#xe756;', N'acfc0e9232f54732a5d9ffe9071bf572', N'2018-01-07 11:22:06', null, null, N'job:show', N'0')
GO
GO
INSERT INTO [dbo].[sys_menu] ([id], [name], [p_id], [url], [order_num], [icon], [create_by], [create_date], [update_by], [update_date], [permission], [menu_type]) VALUES (N'ecda560cf36f11e7aca0201a068c6482', N'启动', N'e9a13e55f35911e7aca0201a068c6482', null, N'3', N'', N'acfc0e9232f54732a5d9ffe9071bf572', N'2018-01-07 13:59:41', null, null, N'job:start', N'1')
GO
GO
INSERT INTO [dbo].[sys_menu] ([id], [name], [p_id], [url], [order_num], [icon], [create_by], [create_date], [update_by], [update_date], [permission], [menu_type]) VALUES (N'f23f6a6bf09511e78a57201a068c6482', N'修改密码', N'cfe54921dfb311e7b555201a068c6482', null, N'4', N'', N'acfc0e9232f54732a5d9ffe9071bf572', N'2018-01-03 22:54:06', null, null, N'user:repass', N'1')
GO
GO
INSERT INTO [dbo].[sys_menu] ([id], [name], [p_id], [url], [order_num], [icon], [create_by], [create_date], [update_by], [update_date], [permission], [menu_type]) VALUES (N'ff015ea5f09411e78a57201a068c6482', N'编辑', N'cff61424dfb311e7b555201a068c6482', null, N'2', N'', N'acfc0e9232f54732a5d9ffe9071bf572', N'2018-01-03 22:47:18', null, null, N'role:update', N'1')
GO
GO

-- ----------------------------
-- Table structure for sys_role
-- ----------------------------
DROP TABLE [dbo].[sys_role]
GO
CREATE TABLE [dbo].[sys_role] (
[id] nvarchar(32) NOT NULL ,
[role_name] nvarchar(128) NULL ,
[remark] nvarchar(255) NULL ,
[create_by] nvarchar(32) NULL ,
[create_date] datetime2(0) NULL ,
[update_by] nvarchar(32) NULL ,
[update_date] datetime2(0) NULL 
)


GO

-- ----------------------------
-- Records of sys_role
-- ----------------------------
INSERT INTO [dbo].[sys_role] ([id], [role_name], [remark], [create_by], [create_date], [update_by], [update_date]) VALUES (N'023366f3457511e8bcf1309c2315f9aa', N'hr', N'人事', N'acfc0e9232f54732a5d9ffe9071bf572', N'2018-04-21 23:02:16', null, null)
GO
GO
INSERT INTO [dbo].[sys_role] ([id], [role_name], [remark], [create_by], [create_date], [update_by], [update_date]) VALUES (N'0ea934e5e55411e7b983201a068c6482', N'manage', N'经理', N'acfc0e9232f54732a5d9ffe9071bf572', N'2017-12-20 15:04:44', null, N'2018-01-02 11:41:43')
GO
GO
INSERT INTO [dbo].[sys_role] ([id], [role_name], [remark], [create_by], [create_date], [update_by], [update_date]) VALUES (N'2619a672e53811e7b983201a068c6482', N'admin', N'管理员', N'acfc0e9232f54732a5d9ffe9071bf572', N'2017-12-20 11:44:57', null, N'2018-01-02 11:38:37')
GO
GO
INSERT INTO [dbo].[sys_role] ([id], [role_name], [remark], [create_by], [create_date], [update_by], [update_date]) VALUES (N'dcb0f642fe9611e7b472201a068c6482', N'dev', N'开发', N'acfc0e9232f54732a5d9ffe9071bf572', N'2018-01-21 18:35:56', null, null)
GO
GO

-- ----------------------------
-- Table structure for sys_role_menu
-- ----------------------------
DROP TABLE [dbo].[sys_role_menu]
GO
CREATE TABLE [dbo].[sys_role_menu] (
[role_id] nvarchar(32) NOT NULL ,
[menu_id] nvarchar(32) NOT NULL 
)


GO

-- ----------------------------
-- Records of sys_role_menu
-- ----------------------------
INSERT INTO [dbo].[sys_role_menu] ([role_id], [menu_id]) VALUES (N'023366f3457511e8bcf1309c2315f9aa', N'433089a6eb0111e782d5201a068c6482')
GO
GO
INSERT INTO [dbo].[sys_role_menu] ([role_id], [menu_id]) VALUES (N'023366f3457511e8bcf1309c2315f9aa', N'4d603831fe9b11e7b472201a068c6482')
GO
GO
INSERT INTO [dbo].[sys_role_menu] ([role_id], [menu_id]) VALUES (N'023366f3457511e8bcf1309c2315f9aa', N'b7839f59fe8811e7b472201a068c6482')
GO
GO
INSERT INTO [dbo].[sys_role_menu] ([role_id], [menu_id]) VALUES (N'023366f3457511e8bcf1309c2315f9aa', N'cfda8029dfb311e7b555201a068c6482')
GO
GO
INSERT INTO [dbo].[sys_role_menu] ([role_id], [menu_id]) VALUES (N'023366f3457511e8bcf1309c2315f9aa', N'cfe54921dfb311e7b555201a068c6482')
GO
GO
INSERT INTO [dbo].[sys_role_menu] ([role_id], [menu_id]) VALUES (N'023366f3457511e8bcf1309c2315f9aa', N'cfe54921dfb311e7b555201a068c6483')
GO
GO
INSERT INTO [dbo].[sys_role_menu] ([role_id], [menu_id]) VALUES (N'023366f3457511e8bcf1309c2315f9aa', N'e06da471f90311e780aa201a068c6482')
GO
GO
INSERT INTO [dbo].[sys_role_menu] ([role_id], [menu_id]) VALUES (N'023366f3457511e8bcf1309c2315f9aa', N'e3b11497eb9e11e7928d201a068c6482')
GO
GO
INSERT INTO [dbo].[sys_role_menu] ([role_id], [menu_id]) VALUES (N'023366f3457511e8bcf1309c2315f9aa', N'f23f6a6bf09511e78a57201a068c6482')
GO
GO
INSERT INTO [dbo].[sys_role_menu] ([role_id], [menu_id]) VALUES (N'0ea934e5e55411e7b983201a068c6482', N'433089a6eb0111e782d5201a068c6482')
GO
GO
INSERT INTO [dbo].[sys_role_menu] ([role_id], [menu_id]) VALUES (N'0ea934e5e55411e7b983201a068c6482', N'4d603831fe9b11e7b472201a068c6482')
GO
GO
INSERT INTO [dbo].[sys_role_menu] ([role_id], [menu_id]) VALUES (N'0ea934e5e55411e7b983201a068c6482', N'6931fd22f09611e78a57201a068c6482')
GO
GO
INSERT INTO [dbo].[sys_role_menu] ([role_id], [menu_id]) VALUES (N'0ea934e5e55411e7b983201a068c6482', N'6dc13c6eec5f11e7a472201a068c6482')
GO
GO
INSERT INTO [dbo].[sys_role_menu] ([role_id], [menu_id]) VALUES (N'0ea934e5e55411e7b983201a068c6482', N'a1ca6642ec5e11e7a472201a068c6482')
GO
GO
INSERT INTO [dbo].[sys_role_menu] ([role_id], [menu_id]) VALUES (N'0ea934e5e55411e7b983201a068c6482', N'b7839f59fe8811e7b472201a068c6482')
GO
GO
INSERT INTO [dbo].[sys_role_menu] ([role_id], [menu_id]) VALUES (N'0ea934e5e55411e7b983201a068c6482', N'cfda8029dfb311e7b555201a068c6482')
GO
GO
INSERT INTO [dbo].[sys_role_menu] ([role_id], [menu_id]) VALUES (N'0ea934e5e55411e7b983201a068c6482', N'cfe54921dfb311e7b555201a068c6482')
GO
GO
INSERT INTO [dbo].[sys_role_menu] ([role_id], [menu_id]) VALUES (N'0ea934e5e55411e7b983201a068c6482', N'e06da471f90311e780aa201a068c6482')
GO
GO
INSERT INTO [dbo].[sys_role_menu] ([role_id], [menu_id]) VALUES (N'2619a672e53811e7b983201a068c6482', N'0e6c8d4cf09511e78a57201a068c6482')
GO
GO
INSERT INTO [dbo].[sys_role_menu] ([role_id], [menu_id]) VALUES (N'2619a672e53811e7b983201a068c6482', N'18bf8d5df09511e78a57201a068c6482')
GO
GO
INSERT INTO [dbo].[sys_role_menu] ([role_id], [menu_id]) VALUES (N'2619a672e53811e7b983201a068c6482', N'28661300f9d411e7a009201a068c6482')
GO
GO
INSERT INTO [dbo].[sys_role_menu] ([role_id], [menu_id]) VALUES (N'2619a672e53811e7b983201a068c6482', N'2b56410cf09411e78a57201a068c6482')
GO
GO
INSERT INTO [dbo].[sys_role_menu] ([role_id], [menu_id]) VALUES (N'2619a672e53811e7b983201a068c6482', N'3873ccc2dfda11e7b555201a068c6482')
GO
GO
INSERT INTO [dbo].[sys_role_menu] ([role_id], [menu_id]) VALUES (N'2619a672e53811e7b983201a068c6482', N'433089a6eb0111e782d5201a068c6482')
GO
GO
INSERT INTO [dbo].[sys_role_menu] ([role_id], [menu_id]) VALUES (N'2619a672e53811e7b983201a068c6482', N'4d603831fe9b11e7b472201a068c6482')
GO
GO
INSERT INTO [dbo].[sys_role_menu] ([role_id], [menu_id]) VALUES (N'2619a672e53811e7b983201a068c6482', N'5ae3d4e9f38e11e7aca0201a068c6482')
GO
GO
INSERT INTO [dbo].[sys_role_menu] ([role_id], [menu_id]) VALUES (N'2619a672e53811e7b983201a068c6482', N'6315968bf37111e7aca0201a068c6482')
GO
GO
INSERT INTO [dbo].[sys_role_menu] ([role_id], [menu_id]) VALUES (N'2619a672e53811e7b983201a068c6482', N'63da4415fc6211e7a781201a068c6482')
GO
GO
INSERT INTO [dbo].[sys_role_menu] ([role_id], [menu_id]) VALUES (N'2619a672e53811e7b983201a068c6482', N'6931fd22f09611e78a57201a068c6482')
GO
GO
INSERT INTO [dbo].[sys_role_menu] ([role_id], [menu_id]) VALUES (N'2619a672e53811e7b983201a068c6482', N'69f3f59cf38e11e7aca0201a068c6482')
GO
GO
INSERT INTO [dbo].[sys_role_menu] ([role_id], [menu_id]) VALUES (N'2619a672e53811e7b983201a068c6482', N'6dc13c6eec5f11e7a472201a068c6482')
GO
GO
INSERT INTO [dbo].[sys_role_menu] ([role_id], [menu_id]) VALUES (N'2619a672e53811e7b983201a068c6482', N'788d8e34f38e11e7aca0201a068c6482')
GO
GO
INSERT INTO [dbo].[sys_role_menu] ([role_id], [menu_id]) VALUES (N'2619a672e53811e7b983201a068c6482', N'7967e098ee0611e7a60d201a068c6482')
GO
GO
INSERT INTO [dbo].[sys_role_menu] ([role_id], [menu_id]) VALUES (N'2619a672e53811e7b983201a068c6482', N'873f30b0f38e11e7aca0201a068c6482')
GO
GO
INSERT INTO [dbo].[sys_role_menu] ([role_id], [menu_id]) VALUES (N'2619a672e53811e7b983201a068c6482', N'88b8e5d1f38911e7aca0201a068c6482')
GO
GO
INSERT INTO [dbo].[sys_role_menu] ([role_id], [menu_id]) VALUES (N'2619a672e53811e7b983201a068c6482', N'a1ca6642ec5e11e7a472201a068c6482')
GO
GO
INSERT INTO [dbo].[sys_role_menu] ([role_id], [menu_id]) VALUES (N'2619a672e53811e7b983201a068c6482', N'b441914cee0811e7a60d201a068c6482')
GO
GO
INSERT INTO [dbo].[sys_role_menu] ([role_id], [menu_id]) VALUES (N'2619a672e53811e7b983201a068c6482', N'b7839f59fe8811e7b472201a068c6482')
GO
GO
INSERT INTO [dbo].[sys_role_menu] ([role_id], [menu_id]) VALUES (N'2619a672e53811e7b983201a068c6482', N'cfda8029dfb311e7b555201a068c6482')
GO
GO
INSERT INTO [dbo].[sys_role_menu] ([role_id], [menu_id]) VALUES (N'2619a672e53811e7b983201a068c6482', N'cfe54921dfb311e7b555201a068c6482')
GO
GO
INSERT INTO [dbo].[sys_role_menu] ([role_id], [menu_id]) VALUES (N'2619a672e53811e7b983201a068c6482', N'cfe54921dfb311e7b555201a068c6483')
GO
GO
INSERT INTO [dbo].[sys_role_menu] ([role_id], [menu_id]) VALUES (N'2619a672e53811e7b983201a068c6482', N'cff61424dfb311e7b555201a068c6482')
GO
GO
INSERT INTO [dbo].[sys_role_menu] ([role_id], [menu_id]) VALUES (N'2619a672e53811e7b983201a068c6482', N'e06da471f90311e780aa201a068c6482')
GO
GO
INSERT INTO [dbo].[sys_role_menu] ([role_id], [menu_id]) VALUES (N'2619a672e53811e7b983201a068c6482', N'e3b11497eb9e11e7928d201a068c6482')
GO
GO
INSERT INTO [dbo].[sys_role_menu] ([role_id], [menu_id]) VALUES (N'2619a672e53811e7b983201a068c6482', N'e9a13e55f35911e7aca0201a068c6482')
GO
GO
INSERT INTO [dbo].[sys_role_menu] ([role_id], [menu_id]) VALUES (N'2619a672e53811e7b983201a068c6482', N'ecda560cf36f11e7aca0201a068c6482')
GO
GO
INSERT INTO [dbo].[sys_role_menu] ([role_id], [menu_id]) VALUES (N'2619a672e53811e7b983201a068c6482', N'f23f6a6bf09511e78a57201a068c6482')
GO
GO
INSERT INTO [dbo].[sys_role_menu] ([role_id], [menu_id]) VALUES (N'2619a672e53811e7b983201a068c6482', N'ff015ea5f09411e78a57201a068c6482')
GO
GO
INSERT INTO [dbo].[sys_role_menu] ([role_id], [menu_id]) VALUES (N'a56219ffeb7d11e7928d201a068c6482', N'433089a6eb0111e782d5201a068c6482')
GO
GO
INSERT INTO [dbo].[sys_role_menu] ([role_id], [menu_id]) VALUES (N'a56219ffeb7d11e7928d201a068c6482', N'cfda8029dfb311e7b555201a068c6482')
GO
GO
INSERT INTO [dbo].[sys_role_menu] ([role_id], [menu_id]) VALUES (N'a56219ffeb7d11e7928d201a068c6482', N'cfe54921dfb311e7b555201a068c6482')
GO
GO
INSERT INTO [dbo].[sys_role_menu] ([role_id], [menu_id]) VALUES (N'dcb0f642fe9611e7b472201a068c6482', N'4d603831fe9b11e7b472201a068c6482')
GO
GO
INSERT INTO [dbo].[sys_role_menu] ([role_id], [menu_id]) VALUES (N'dcb0f642fe9611e7b472201a068c6482', N'5ae3d4e9f38e11e7aca0201a068c6482')
GO
GO
INSERT INTO [dbo].[sys_role_menu] ([role_id], [menu_id]) VALUES (N'dcb0f642fe9611e7b472201a068c6482', N'6315968bf37111e7aca0201a068c6482')
GO
GO
INSERT INTO [dbo].[sys_role_menu] ([role_id], [menu_id]) VALUES (N'dcb0f642fe9611e7b472201a068c6482', N'69f3f59cf38e11e7aca0201a068c6482')
GO
GO
INSERT INTO [dbo].[sys_role_menu] ([role_id], [menu_id]) VALUES (N'dcb0f642fe9611e7b472201a068c6482', N'788d8e34f38e11e7aca0201a068c6482')
GO
GO
INSERT INTO [dbo].[sys_role_menu] ([role_id], [menu_id]) VALUES (N'dcb0f642fe9611e7b472201a068c6482', N'873f30b0f38e11e7aca0201a068c6482')
GO
GO
INSERT INTO [dbo].[sys_role_menu] ([role_id], [menu_id]) VALUES (N'dcb0f642fe9611e7b472201a068c6482', N'a1ca6642ec5e11e7a472201a068c6482')
GO
GO
INSERT INTO [dbo].[sys_role_menu] ([role_id], [menu_id]) VALUES (N'dcb0f642fe9611e7b472201a068c6482', N'b7839f59fe8811e7b472201a068c6482')
GO
GO
INSERT INTO [dbo].[sys_role_menu] ([role_id], [menu_id]) VALUES (N'dcb0f642fe9611e7b472201a068c6482', N'e06da471f90311e780aa201a068c6482')
GO
GO
INSERT INTO [dbo].[sys_role_menu] ([role_id], [menu_id]) VALUES (N'dcb0f642fe9611e7b472201a068c6482', N'e9a13e55f35911e7aca0201a068c6482')
GO
GO
INSERT INTO [dbo].[sys_role_menu] ([role_id], [menu_id]) VALUES (N'dcb0f642fe9611e7b472201a068c6482', N'ecda560cf36f11e7aca0201a068c6482')
GO
GO

-- ----------------------------
-- Table structure for sys_role_user
-- ----------------------------
DROP TABLE [dbo].[sys_role_user]
GO
CREATE TABLE [dbo].[sys_role_user] (
[user_id] nvarchar(32) NOT NULL ,
[role_id] nvarchar(32) NOT NULL 
)


GO

-- ----------------------------
-- Records of sys_role_user
-- ----------------------------
INSERT INTO [dbo].[sys_role_user] ([user_id], [role_id]) VALUES (N'2211fec3e17c11e795ed201a068c6482', N'0ea934e5e55411e7b983201a068c6482')
GO
GO
INSERT INTO [dbo].[sys_role_user] ([user_id], [role_id]) VALUES (N'51d2179c457911e8bcf1309c2315f9aa', N'023366f3457511e8bcf1309c2315f9aa')
GO
GO
INSERT INTO [dbo].[sys_role_user] ([user_id], [role_id]) VALUES (N'5354d45a018311e8a1a2201a068c6482', N'dcb0f642fe9611e7b472201a068c6482')
GO
GO
INSERT INTO [dbo].[sys_role_user] ([user_id], [role_id]) VALUES (N'6a038f15019711e8a1a2201a068c6482', N'dcb0f642fe9611e7b472201a068c6482')
GO
GO
INSERT INTO [dbo].[sys_role_user] ([user_id], [role_id]) VALUES (N'6ef029e5457811e8bcf1309c2315f9aa', N'023366f3457511e8bcf1309c2315f9aa')
GO
GO
INSERT INTO [dbo].[sys_role_user] ([user_id], [role_id]) VALUES (N'85d096a27c7e4775ad2ae9c520ba2141', N'023366f3457511e8bcf1309c2315f9aa')
GO
GO
INSERT INTO [dbo].[sys_role_user] ([user_id], [role_id]) VALUES (N'a4a743bffe9711e7b472201a068c6482', N'dcb0f642fe9611e7b472201a068c6482')
GO
GO
INSERT INTO [dbo].[sys_role_user] ([user_id], [role_id]) VALUES (N'acfc0e9232f54732a5d9ffe9071bf572', N'2619a672e53811e7b983201a068c6482')
GO
GO
INSERT INTO [dbo].[sys_role_user] ([user_id], [role_id]) VALUES (N'c7f1a7d7018311e8a1a2201a068c6482', N'dcb0f642fe9611e7b472201a068c6482')
GO
GO
INSERT INTO [dbo].[sys_role_user] ([user_id], [role_id]) VALUES (N'fb483b76457811e8bcf1309c2315f9aa', N'023366f3457511e8bcf1309c2315f9aa')
GO
GO

-- ----------------------------
-- Table structure for sys_user
-- ----------------------------
DROP TABLE [dbo].[sys_user]
GO
CREATE TABLE [dbo].[sys_user] (
[id] nvarchar(36) NOT NULL ,
[username] nvarchar(64) NOT NULL ,
[password] nvarchar(128) NOT NULL ,
[age] int NULL ,
[email] nvarchar(128) NULL ,
[photo] nvarchar(255) NULL ,
[real_name] nvarchar(18) NULL ,
[create_by] nvarchar(32) NULL ,
[update_by] nvarchar(32) NULL ,
[create_date] datetime2(0) NULL ,
[update_date] datetime2(0) NULL ,
[del_flag] tinyint NOT NULL DEFAULT ((0)) 
)


GO
IF ((SELECT COUNT(*) from fn_listextendedproperty('MS_Description', 
'SCHEMA', N'dbo', 
'TABLE', N'sys_user', 
'COLUMN', N'del_flag')) > 0) 
EXEC sp_updateextendedproperty @name = N'MS_Description', @value = N'0可用1封禁'
, @level0type = 'SCHEMA', @level0name = N'dbo'
, @level1type = 'TABLE', @level1name = N'sys_user'
, @level2type = 'COLUMN', @level2name = N'del_flag'
ELSE
EXEC sp_addextendedproperty @name = N'MS_Description', @value = N'0可用1封禁'
, @level0type = 'SCHEMA', @level0name = N'dbo'
, @level1type = 'TABLE', @level1name = N'sys_user'
, @level2type = 'COLUMN', @level2name = N'del_flag'
GO

-- ----------------------------
-- Records of sys_user
-- ----------------------------
INSERT INTO [dbo].[sys_user] ([id], [username], [password], [age], [email], [photo], [real_name], [create_by], [update_by], [create_date], [update_date], [del_flag]) VALUES (N'2211fec3e17c11e795ed201a068c6482', N'tom', N'11ac200620f90acd1fdae53716fd3de2', N'41', N'154040976@qq.com', N'08193420160112200836_dRTZx.jpeg', N'Tom Curise', null, N'acfc0e9232f54732a5d9ffe9071bf572', N'2018-01-03 15:49:48', N'2018-04-23 20:19:36', N'0')
GO
GO
INSERT INTO [dbo].[sys_user] ([id], [username], [password], [age], [email], [photo], [real_name], [create_by], [update_by], [create_date], [update_date], [del_flag]) VALUES (N'51d2179c457911e8bcf1309c2315f9aa', N'333', N'fd1769c78db10f134b75d9d5f80b687f', N'11', N'', N'', N'333', N'acfc0e9232f54732a5d9ffe9071bf572', null, N'2018-04-21 23:33:08', null, N'0')
GO
GO
INSERT INTO [dbo].[sys_user] ([id], [username], [password], [age], [email], [photo], [real_name], [create_by], [update_by], [create_date], [update_date], [del_flag]) VALUES (N'5354d45a018311e8a1a2201a068c6482', N'1234', N'3067254ba677b120f19d11eef506c15e', N'25', N'', N'', N'111', N'acfc0e9232f54732a5d9ffe9071bf572', N'acfc0e9232f54732a5d9ffe9071bf572', N'2018-01-25 11:53:38', N'2018-04-21 23:03:44', N'0')
GO
GO
INSERT INTO [dbo].[sys_user] ([id], [username], [password], [age], [email], [photo], [real_name], [create_by], [update_by], [create_date], [update_date], [del_flag]) VALUES (N'6a038f15019711e8a1a2201a068c6482', N'ceshi222', N'f8af8f8f19433c8a960fec7af3f8ef63', N'24', N'', N'', N'张三', N'acfc0e9232f54732a5d9ffe9071bf572', N'acfc0e9232f54732a5d9ffe9071bf572', N'2018-01-25 14:17:26', N'2018-01-25 15:40:31', N'0')
GO
GO
INSERT INTO [dbo].[sys_user] ([id], [username], [password], [age], [email], [photo], [real_name], [create_by], [update_by], [create_date], [update_date], [del_flag]) VALUES (N'6ef029e5457811e8bcf1309c2315f9aa', N'3333', N'aae57579153caa514c845268954c9c94', N'11', N'', N'', N'3333', N'acfc0e9232f54732a5d9ffe9071bf572', null, N'2018-04-21 23:26:47', null, N'0')
GO
GO
INSERT INTO [dbo].[sys_user] ([id], [username], [password], [age], [email], [photo], [real_name], [create_by], [update_by], [create_date], [update_date], [del_flag]) VALUES (N'85d096a27c7e4775ad2ae9c520ba2141', N'2222', N'59db70ec1c45a2a6dd9de8f6d5032ae9', N'22', N'', N'', N'22', N'acfc0e9232f54732a5d9ffe9071bf572', null, N'2018-06-12 22:35:44', null, N'0')
GO
GO
INSERT INTO [dbo].[sys_user] ([id], [username], [password], [age], [email], [photo], [real_name], [create_by], [update_by], [create_date], [update_date], [del_flag]) VALUES (N'a4a743bffe9711e7b472201a068c6482', N'zxm', N'f8880ebbdbc37a936245657fa9084198', N'25', N'1544040976@qq.com', N'', N'zxm', N'acfc0e9232f54732a5d9ffe9071bf572', N'acfc0e9232f54732a5d9ffe9071bf572', N'2018-01-21 18:41:32', N'2018-04-21 23:01:54', N'0')
GO
GO
INSERT INTO [dbo].[sys_user] ([id], [username], [password], [age], [email], [photo], [real_name], [create_by], [update_by], [create_date], [update_date], [del_flag]) VALUES (N'acfc0e9232f54732a5d9ffe9071bf572', N'admin', N'e0b141de1c8091be350d3fc80de66528', N'24', N'', N'', N'管理员', null, N'acfc0e9232f54732a5d9ffe9071bf572', N'2017-12-20 16:34:06', N'2018-01-25 10:25:29', N'0')
GO
GO
INSERT INTO [dbo].[sys_user] ([id], [username], [password], [age], [email], [photo], [real_name], [create_by], [update_by], [create_date], [update_date], [del_flag]) VALUES (N'c7f1a7d7018311e8a1a2201a068c6482', N'666', N'c6953f608430df414ea52e8c01b81a45', N'24', N'', N'', N'666', N'acfc0e9232f54732a5d9ffe9071bf572', null, N'2018-01-25 11:56:54', null, N'0')
GO
GO
INSERT INTO [dbo].[sys_user] ([id], [username], [password], [age], [email], [photo], [real_name], [create_by], [update_by], [create_date], [update_date], [del_flag]) VALUES (N'ce1f6f35018211e8a1a2201a068c6482', N'ceshi', N'256246977f27f81f265beb12ffebfdd2', N'25', N'', N'', N'123', N'acfc0e9232f54732a5d9ffe9071bf572', N'acfc0e9232f54732a5d9ffe9071bf572', N'2018-01-25 11:49:55', N'2018-01-25 13:22:48', N'0')
GO
GO
INSERT INTO [dbo].[sys_user] ([id], [username], [password], [age], [email], [photo], [real_name], [create_by], [update_by], [create_date], [update_date], [del_flag]) VALUES (N'fb483b76457811e8bcf1309c2315f9aa', N'lisi', N'f497935e5f47325399d595ef31b25e47', N'20', N'', N'', N'李四', N'acfc0e9232f54732a5d9ffe9071bf572', null, N'2018-04-21 23:30:43', null, N'0')
GO
GO

-- ----------------------------
-- Table structure for sysdiagrams
-- ----------------------------
DROP TABLE [dbo].[sysdiagrams]
GO
CREATE TABLE [dbo].[sysdiagrams] (
[name] sysname NOT NULL ,
[principal_id] int NOT NULL ,
[diagram_id] int NOT NULL IDENTITY(1,1) ,
[version] int NULL ,
[definition] varbinary(MAX) NULL 
)


GO

-- ----------------------------
-- Records of sysdiagrams
-- ----------------------------
SET IDENTITY_INSERT [dbo].[sysdiagrams] ON
GO
SET IDENTITY_INSERT [dbo].[sysdiagrams] OFF
GO

-- ----------------------------
-- Table structure for user_leave
-- ----------------------------
DROP TABLE [dbo].[user_leave]
GO
CREATE TABLE [dbo].[user_leave] (
[id] nvarchar(32) NOT NULL ,
[user_id] nvarchar(32) NOT NULL ,
[user_name] nvarchar(18) NULL ,
[begin_time] datetime2(0) NULL ,
[end_time] datetime2(0) NULL ,
[reason] nvarchar(255) NULL ,
[days] int NULL ,
[process_instance_Id] nvarchar(32) NULL ,
[status] nvarchar(64) NULL ,
[create_date] datetime2(0) NULL ,
[create_by] nvarchar(32) NULL ,
[update_date] datetime2(0) NULL ,
[update_by] nvarchar(32) NULL 
)


GO

-- ----------------------------
-- Records of user_leave
-- ----------------------------
INSERT INTO [dbo].[user_leave] ([id], [user_id], [user_name], [begin_time], [end_time], [reason], [days], [process_instance_Id], [status], [create_date], [create_by], [update_date], [update_by]) VALUES (N'503022b1457711e8bcf1309c2315f9aa', N'a4a743bffe9711e7b472201a068c6482', N'zxm', N'2018-04-21 00:00:00', N'2018-04-24 00:00:00', N'请假去旅游', N'3', N'175049', null, N'2018-04-21 23:18:46', N'a4a743bffe9711e7b472201a068c6482', N'2018-04-21 23:20:25', N'a4a743bffe9711e7b472201a068c6482')
GO
GO

-- ----------------------------
-- Indexes structure for table act_assignee
-- ----------------------------

-- ----------------------------
-- Primary Key structure for table act_assignee
-- ----------------------------
ALTER TABLE [dbo].[act_assignee] ADD PRIMARY KEY ([id])
GO

-- ----------------------------
-- Indexes structure for table act_evt_log
-- ----------------------------

-- ----------------------------
-- Primary Key structure for table act_evt_log
-- ----------------------------
ALTER TABLE [dbo].[act_evt_log] ADD PRIMARY KEY ([LOG_NR_])
GO

-- ----------------------------
-- Indexes structure for table act_ge_bytearray
-- ----------------------------
CREATE INDEX [ACT_FK_BYTEARR_DEPL] ON [dbo].[act_ge_bytearray]
([DEPLOYMENT_ID_] ASC) 
WITH (STATISTICS_NORECOMPUTE = ON)
GO

-- ----------------------------
-- Primary Key structure for table act_ge_bytearray
-- ----------------------------
ALTER TABLE [dbo].[act_ge_bytearray] ADD PRIMARY KEY ([ID_])
GO

-- ----------------------------
-- Indexes structure for table act_ge_property
-- ----------------------------

-- ----------------------------
-- Primary Key structure for table act_ge_property
-- ----------------------------
ALTER TABLE [dbo].[act_ge_property] ADD PRIMARY KEY ([NAME_])
GO

-- ----------------------------
-- Indexes structure for table act_hi_actinst
-- ----------------------------
CREATE INDEX [ACT_IDX_HI_ACT_INST_START] ON [dbo].[act_hi_actinst]
([START_TIME_] ASC) 
WITH (STATISTICS_NORECOMPUTE = ON)
GO
CREATE INDEX [ACT_IDX_HI_ACT_INST_END] ON [dbo].[act_hi_actinst]
([END_TIME_] ASC) 
WITH (STATISTICS_NORECOMPUTE = ON)
GO
CREATE INDEX [ACT_IDX_HI_ACT_INST_PROCINST] ON [dbo].[act_hi_actinst]
([PROC_INST_ID_] ASC, [ACT_ID_] ASC) 
WITH (STATISTICS_NORECOMPUTE = ON)
GO
CREATE INDEX [ACT_IDX_HI_ACT_INST_EXEC] ON [dbo].[act_hi_actinst]
([EXECUTION_ID_] ASC, [ACT_ID_] ASC) 
WITH (STATISTICS_NORECOMPUTE = ON)
GO

-- ----------------------------
-- Primary Key structure for table act_hi_actinst
-- ----------------------------
ALTER TABLE [dbo].[act_hi_actinst] ADD PRIMARY KEY ([ID_])
GO

-- ----------------------------
-- Indexes structure for table act_hi_attachment
-- ----------------------------

-- ----------------------------
-- Primary Key structure for table act_hi_attachment
-- ----------------------------
ALTER TABLE [dbo].[act_hi_attachment] ADD PRIMARY KEY ([ID_])
GO

-- ----------------------------
-- Indexes structure for table act_hi_comment
-- ----------------------------

-- ----------------------------
-- Primary Key structure for table act_hi_comment
-- ----------------------------
ALTER TABLE [dbo].[act_hi_comment] ADD PRIMARY KEY ([ID_])
GO

-- ----------------------------
-- Indexes structure for table act_hi_detail
-- ----------------------------
CREATE INDEX [ACT_IDX_HI_DETAIL_PROC_INST] ON [dbo].[act_hi_detail]
([PROC_INST_ID_] ASC) 
WITH (STATISTICS_NORECOMPUTE = ON)
GO
CREATE INDEX [ACT_IDX_HI_DETAIL_ACT_INST] ON [dbo].[act_hi_detail]
([ACT_INST_ID_] ASC) 
WITH (STATISTICS_NORECOMPUTE = ON)
GO
CREATE INDEX [ACT_IDX_HI_DETAIL_TIME] ON [dbo].[act_hi_detail]
([TIME_] ASC) 
WITH (STATISTICS_NORECOMPUTE = ON)
GO
CREATE INDEX [ACT_IDX_HI_DETAIL_NAME] ON [dbo].[act_hi_detail]
([NAME_] ASC) 
WITH (STATISTICS_NORECOMPUTE = ON)
GO
CREATE INDEX [ACT_IDX_HI_DETAIL_TASK_ID] ON [dbo].[act_hi_detail]
([TASK_ID_] ASC) 
WITH (STATISTICS_NORECOMPUTE = ON)
GO

-- ----------------------------
-- Primary Key structure for table act_hi_detail
-- ----------------------------
ALTER TABLE [dbo].[act_hi_detail] ADD PRIMARY KEY ([ID_])
GO

-- ----------------------------
-- Indexes structure for table act_hi_identitylink
-- ----------------------------
CREATE INDEX [ACT_IDX_HI_IDENT_LNK_USER] ON [dbo].[act_hi_identitylink]
([USER_ID_] ASC) 
WITH (STATISTICS_NORECOMPUTE = ON)
GO
CREATE INDEX [ACT_IDX_HI_IDENT_LNK_TASK] ON [dbo].[act_hi_identitylink]
([TASK_ID_] ASC) 
WITH (STATISTICS_NORECOMPUTE = ON)
GO
CREATE INDEX [ACT_IDX_HI_IDENT_LNK_PROCINST] ON [dbo].[act_hi_identitylink]
([PROC_INST_ID_] ASC) 
WITH (STATISTICS_NORECOMPUTE = ON)
GO

-- ----------------------------
-- Primary Key structure for table act_hi_identitylink
-- ----------------------------
ALTER TABLE [dbo].[act_hi_identitylink] ADD PRIMARY KEY ([ID_])
GO

-- ----------------------------
-- Indexes structure for table act_hi_procinst
-- ----------------------------
CREATE UNIQUE INDEX [PROC_INST_ID_] ON [dbo].[act_hi_procinst]
([PROC_INST_ID_] ASC) 
WITH (IGNORE_DUP_KEY = ON, STATISTICS_NORECOMPUTE = ON)
GO
CREATE INDEX [ACT_IDX_HI_PRO_INST_END] ON [dbo].[act_hi_procinst]
([END_TIME_] ASC) 
WITH (STATISTICS_NORECOMPUTE = ON)
GO
CREATE INDEX [ACT_IDX_HI_PRO_I_BUSKEY] ON [dbo].[act_hi_procinst]
([BUSINESS_KEY_] ASC) 
WITH (STATISTICS_NORECOMPUTE = ON)
GO

-- ----------------------------
-- Primary Key structure for table act_hi_procinst
-- ----------------------------
ALTER TABLE [dbo].[act_hi_procinst] ADD PRIMARY KEY ([ID_])
GO

-- ----------------------------
-- Indexes structure for table act_hi_taskinst
-- ----------------------------
CREATE INDEX [ACT_IDX_HI_TASK_INST_PROCINST] ON [dbo].[act_hi_taskinst]
([PROC_INST_ID_] ASC) 
WITH (STATISTICS_NORECOMPUTE = ON)
GO

-- ----------------------------
-- Primary Key structure for table act_hi_taskinst
-- ----------------------------
ALTER TABLE [dbo].[act_hi_taskinst] ADD PRIMARY KEY ([ID_])
GO

-- ----------------------------
-- Indexes structure for table act_hi_varinst
-- ----------------------------
CREATE INDEX [ACT_IDX_HI_PROCVAR_PROC_INST] ON [dbo].[act_hi_varinst]
([PROC_INST_ID_] ASC) 
WITH (STATISTICS_NORECOMPUTE = ON)
GO
CREATE INDEX [ACT_IDX_HI_PROCVAR_NAME_TYPE] ON [dbo].[act_hi_varinst]
([NAME_] ASC, [VAR_TYPE_] ASC) 
WITH (STATISTICS_NORECOMPUTE = ON)
GO
CREATE INDEX [ACT_IDX_HI_PROCVAR_TASK_ID] ON [dbo].[act_hi_varinst]
([TASK_ID_] ASC) 
WITH (STATISTICS_NORECOMPUTE = ON)
GO

-- ----------------------------
-- Primary Key structure for table act_hi_varinst
-- ----------------------------
ALTER TABLE [dbo].[act_hi_varinst] ADD PRIMARY KEY ([ID_])
GO

-- ----------------------------
-- Indexes structure for table act_id_group
-- ----------------------------

-- ----------------------------
-- Primary Key structure for table act_id_group
-- ----------------------------
ALTER TABLE [dbo].[act_id_group] ADD PRIMARY KEY ([ID_])
GO

-- ----------------------------
-- Indexes structure for table act_id_info
-- ----------------------------

-- ----------------------------
-- Primary Key structure for table act_id_info
-- ----------------------------
ALTER TABLE [dbo].[act_id_info] ADD PRIMARY KEY ([ID_])
GO

-- ----------------------------
-- Indexes structure for table act_id_membership
-- ----------------------------
CREATE INDEX [ACT_FK_MEMB_GROUP] ON [dbo].[act_id_membership]
([GROUP_ID_] ASC) 
WITH (STATISTICS_NORECOMPUTE = ON)
GO

-- ----------------------------
-- Primary Key structure for table act_id_membership
-- ----------------------------
ALTER TABLE [dbo].[act_id_membership] ADD PRIMARY KEY ([USER_ID_], [GROUP_ID_])
GO

-- ----------------------------
-- Indexes structure for table act_id_user
-- ----------------------------

-- ----------------------------
-- Primary Key structure for table act_id_user
-- ----------------------------
ALTER TABLE [dbo].[act_id_user] ADD PRIMARY KEY ([ID_])
GO

-- ----------------------------
-- Indexes structure for table act_procdef_info
-- ----------------------------
CREATE UNIQUE INDEX [ACT_UNIQ_INFO_PROCDEF] ON [dbo].[act_procdef_info]
([PROC_DEF_ID_] ASC) 
WITH (IGNORE_DUP_KEY = ON, STATISTICS_NORECOMPUTE = ON)
GO
CREATE INDEX [ACT_IDX_INFO_PROCDEF] ON [dbo].[act_procdef_info]
([PROC_DEF_ID_] ASC) 
WITH (STATISTICS_NORECOMPUTE = ON)
GO
CREATE INDEX [ACT_FK_INFO_JSON_BA] ON [dbo].[act_procdef_info]
([INFO_JSON_ID_] ASC) 
WITH (STATISTICS_NORECOMPUTE = ON)
GO

-- ----------------------------
-- Primary Key structure for table act_procdef_info
-- ----------------------------
ALTER TABLE [dbo].[act_procdef_info] ADD PRIMARY KEY ([ID_])
GO

-- ----------------------------
-- Indexes structure for table act_re_deployment
-- ----------------------------

-- ----------------------------
-- Primary Key structure for table act_re_deployment
-- ----------------------------
ALTER TABLE [dbo].[act_re_deployment] ADD PRIMARY KEY ([ID_])
GO

-- ----------------------------
-- Indexes structure for table act_re_model
-- ----------------------------
CREATE INDEX [ACT_FK_MODEL_SOURCE] ON [dbo].[act_re_model]
([EDITOR_SOURCE_VALUE_ID_] ASC) 
WITH (STATISTICS_NORECOMPUTE = ON)
GO
CREATE INDEX [ACT_FK_MODEL_SOURCE_EXTRA] ON [dbo].[act_re_model]
([EDITOR_SOURCE_EXTRA_VALUE_ID_] ASC) 
WITH (STATISTICS_NORECOMPUTE = ON)
GO
CREATE INDEX [ACT_FK_MODEL_DEPLOYMENT] ON [dbo].[act_re_model]
([DEPLOYMENT_ID_] ASC) 
WITH (STATISTICS_NORECOMPUTE = ON)
GO

-- ----------------------------
-- Primary Key structure for table act_re_model
-- ----------------------------
ALTER TABLE [dbo].[act_re_model] ADD PRIMARY KEY ([ID_])
GO

-- ----------------------------
-- Indexes structure for table act_re_procdef
-- ----------------------------
CREATE UNIQUE INDEX [ACT_UNIQ_PROCDEF] ON [dbo].[act_re_procdef]
([KEY_] ASC, [VERSION_] ASC, [TENANT_ID_] ASC) 
WITH (IGNORE_DUP_KEY = ON, STATISTICS_NORECOMPUTE = ON)
GO

-- ----------------------------
-- Primary Key structure for table act_re_procdef
-- ----------------------------
ALTER TABLE [dbo].[act_re_procdef] ADD PRIMARY KEY ([ID_])
GO

-- ----------------------------
-- Indexes structure for table act_ru_event_subscr
-- ----------------------------
CREATE INDEX [ACT_IDX_EVENT_SUBSCR_CONFIG_] ON [dbo].[act_ru_event_subscr]
([CONFIGURATION_] ASC) 
WITH (STATISTICS_NORECOMPUTE = ON)
GO
CREATE INDEX [ACT_FK_EVENT_EXEC] ON [dbo].[act_ru_event_subscr]
([EXECUTION_ID_] ASC) 
WITH (STATISTICS_NORECOMPUTE = ON)
GO

-- ----------------------------
-- Primary Key structure for table act_ru_event_subscr
-- ----------------------------
ALTER TABLE [dbo].[act_ru_event_subscr] ADD PRIMARY KEY ([ID_])
GO

-- ----------------------------
-- Indexes structure for table act_ru_execution
-- ----------------------------
CREATE INDEX [ACT_IDX_EXEC_BUSKEY] ON [dbo].[act_ru_execution]
([BUSINESS_KEY_] ASC) 
WITH (STATISTICS_NORECOMPUTE = ON)
GO
CREATE INDEX [ACT_FK_EXE_PROCINST] ON [dbo].[act_ru_execution]
([PROC_INST_ID_] ASC) 
WITH (STATISTICS_NORECOMPUTE = ON)
GO
CREATE INDEX [ACT_FK_EXE_PARENT] ON [dbo].[act_ru_execution]
([PARENT_ID_] ASC) 
WITH (STATISTICS_NORECOMPUTE = ON)
GO
CREATE INDEX [ACT_FK_EXE_SUPER] ON [dbo].[act_ru_execution]
([SUPER_EXEC_] ASC) 
WITH (STATISTICS_NORECOMPUTE = ON)
GO
CREATE INDEX [ACT_FK_EXE_PROCDEF] ON [dbo].[act_ru_execution]
([PROC_DEF_ID_] ASC) 
WITH (STATISTICS_NORECOMPUTE = ON)
GO

-- ----------------------------
-- Primary Key structure for table act_ru_execution
-- ----------------------------
ALTER TABLE [dbo].[act_ru_execution] ADD PRIMARY KEY ([ID_])
GO

-- ----------------------------
-- Indexes structure for table act_ru_identitylink
-- ----------------------------
CREATE INDEX [ACT_IDX_IDENT_LNK_USER] ON [dbo].[act_ru_identitylink]
([USER_ID_] ASC) 
WITH (STATISTICS_NORECOMPUTE = ON)
GO
CREATE INDEX [ACT_IDX_IDENT_LNK_GROUP] ON [dbo].[act_ru_identitylink]
([GROUP_ID_] ASC) 
WITH (STATISTICS_NORECOMPUTE = ON)
GO
CREATE INDEX [ACT_IDX_ATHRZ_PROCEDEF] ON [dbo].[act_ru_identitylink]
([PROC_DEF_ID_] ASC) 
WITH (STATISTICS_NORECOMPUTE = ON)
GO
CREATE INDEX [ACT_FK_TSKASS_TASK] ON [dbo].[act_ru_identitylink]
([TASK_ID_] ASC) 
WITH (STATISTICS_NORECOMPUTE = ON)
GO
CREATE INDEX [ACT_FK_IDL_PROCINST] ON [dbo].[act_ru_identitylink]
([PROC_INST_ID_] ASC) 
WITH (STATISTICS_NORECOMPUTE = ON)
GO

-- ----------------------------
-- Primary Key structure for table act_ru_identitylink
-- ----------------------------
ALTER TABLE [dbo].[act_ru_identitylink] ADD PRIMARY KEY ([ID_])
GO

-- ----------------------------
-- Indexes structure for table act_ru_job
-- ----------------------------
CREATE INDEX [ACT_FK_JOB_EXCEPTION] ON [dbo].[act_ru_job]
([EXCEPTION_STACK_ID_] ASC) 
WITH (STATISTICS_NORECOMPUTE = ON)
GO

-- ----------------------------
-- Primary Key structure for table act_ru_job
-- ----------------------------
ALTER TABLE [dbo].[act_ru_job] ADD PRIMARY KEY ([ID_])
GO

-- ----------------------------
-- Indexes structure for table act_ru_task
-- ----------------------------
CREATE INDEX [ACT_IDX_TASK_CREATE] ON [dbo].[act_ru_task]
([CREATE_TIME_] ASC) 
WITH (STATISTICS_NORECOMPUTE = ON)
GO
CREATE INDEX [ACT_FK_TASK_EXE] ON [dbo].[act_ru_task]
([EXECUTION_ID_] ASC) 
WITH (STATISTICS_NORECOMPUTE = ON)
GO
CREATE INDEX [ACT_FK_TASK_PROCINST] ON [dbo].[act_ru_task]
([PROC_INST_ID_] ASC) 
WITH (STATISTICS_NORECOMPUTE = ON)
GO
CREATE INDEX [ACT_FK_TASK_PROCDEF] ON [dbo].[act_ru_task]
([PROC_DEF_ID_] ASC) 
WITH (STATISTICS_NORECOMPUTE = ON)
GO

-- ----------------------------
-- Primary Key structure for table act_ru_task
-- ----------------------------
ALTER TABLE [dbo].[act_ru_task] ADD PRIMARY KEY ([ID_])
GO

-- ----------------------------
-- Indexes structure for table act_ru_variable
-- ----------------------------
CREATE INDEX [ACT_IDX_VARIABLE_TASK_ID] ON [dbo].[act_ru_variable]
([TASK_ID_] ASC) 
WITH (STATISTICS_NORECOMPUTE = ON)
GO
CREATE INDEX [ACT_FK_VAR_EXE] ON [dbo].[act_ru_variable]
([EXECUTION_ID_] ASC) 
WITH (STATISTICS_NORECOMPUTE = ON)
GO
CREATE INDEX [ACT_FK_VAR_PROCINST] ON [dbo].[act_ru_variable]
([PROC_INST_ID_] ASC) 
WITH (STATISTICS_NORECOMPUTE = ON)
GO
CREATE INDEX [ACT_FK_VAR_BYTEARRAY] ON [dbo].[act_ru_variable]
([BYTEARRAY_ID_] ASC) 
WITH (STATISTICS_NORECOMPUTE = ON)
GO

-- ----------------------------
-- Primary Key structure for table act_ru_variable
-- ----------------------------
ALTER TABLE [dbo].[act_ru_variable] ADD PRIMARY KEY ([ID_])
GO

-- ----------------------------
-- Indexes structure for table sys_dict_item
-- ----------------------------

-- ----------------------------
-- Primary Key structure for table sys_dict_item
-- ----------------------------
ALTER TABLE [dbo].[sys_dict_item] ADD PRIMARY KEY ([id])
GO

-- ----------------------------
-- Indexes structure for table sys_dict_type
-- ----------------------------

-- ----------------------------
-- Primary Key structure for table sys_dict_type
-- ----------------------------
ALTER TABLE [dbo].[sys_dict_type] ADD PRIMARY KEY ([id])
GO

-- ----------------------------
-- Indexes structure for table sys_job
-- ----------------------------

-- ----------------------------
-- Primary Key structure for table sys_job
-- ----------------------------
ALTER TABLE [dbo].[sys_job] ADD PRIMARY KEY ([id])
GO

-- ----------------------------
-- Indexes structure for table sys_log
-- ----------------------------

-- ----------------------------
-- Primary Key structure for table sys_log
-- ----------------------------
ALTER TABLE [dbo].[sys_log] ADD PRIMARY KEY ([id])
GO

-- ----------------------------
-- Indexes structure for table sys_menu
-- ----------------------------

-- ----------------------------
-- Primary Key structure for table sys_menu
-- ----------------------------
ALTER TABLE [dbo].[sys_menu] ADD PRIMARY KEY ([id])
GO

-- ----------------------------
-- Indexes structure for table sys_role
-- ----------------------------

-- ----------------------------
-- Primary Key structure for table sys_role
-- ----------------------------
ALTER TABLE [dbo].[sys_role] ADD PRIMARY KEY ([id])
GO

-- ----------------------------
-- Indexes structure for table sys_role_menu
-- ----------------------------

-- ----------------------------
-- Primary Key structure for table sys_role_menu
-- ----------------------------
ALTER TABLE [dbo].[sys_role_menu] ADD PRIMARY KEY ([role_id], [menu_id])
GO

-- ----------------------------
-- Indexes structure for table sys_role_user
-- ----------------------------

-- ----------------------------
-- Primary Key structure for table sys_role_user
-- ----------------------------
ALTER TABLE [dbo].[sys_role_user] ADD PRIMARY KEY ([user_id], [role_id])
GO

-- ----------------------------
-- Indexes structure for table sys_user
-- ----------------------------

-- ----------------------------
-- Primary Key structure for table sys_user
-- ----------------------------
ALTER TABLE [dbo].[sys_user] ADD PRIMARY KEY ([id])
GO

-- ----------------------------
-- Indexes structure for table sysdiagrams
-- ----------------------------

-- ----------------------------
-- Primary Key structure for table sysdiagrams
-- ----------------------------
ALTER TABLE [dbo].[sysdiagrams] ADD PRIMARY KEY ([diagram_id])
GO

-- ----------------------------
-- Uniques structure for table sysdiagrams
-- ----------------------------
ALTER TABLE [dbo].[sysdiagrams] ADD UNIQUE ([principal_id] ASC, [name] ASC)
GO

-- ----------------------------
-- Indexes structure for table user_leave
-- ----------------------------

-- ----------------------------
-- Primary Key structure for table user_leave
-- ----------------------------
ALTER TABLE [dbo].[user_leave] ADD PRIMARY KEY ([id])
GO

-- ----------------------------
-- Foreign Key structure for table [dbo].[act_ge_bytearray]
-- ----------------------------
ALTER TABLE [dbo].[act_ge_bytearray] ADD FOREIGN KEY ([DEPLOYMENT_ID_]) REFERENCES [dbo].[act_re_deployment] ([ID_]) ON DELETE NO ACTION ON UPDATE NO ACTION
GO

-- ----------------------------
-- Foreign Key structure for table [dbo].[act_id_membership]
-- ----------------------------
ALTER TABLE [dbo].[act_id_membership] ADD FOREIGN KEY ([GROUP_ID_]) REFERENCES [dbo].[act_id_group] ([ID_]) ON DELETE NO ACTION ON UPDATE NO ACTION
GO
ALTER TABLE [dbo].[act_id_membership] ADD FOREIGN KEY ([USER_ID_]) REFERENCES [dbo].[act_id_user] ([ID_]) ON DELETE NO ACTION ON UPDATE NO ACTION
GO

-- ----------------------------
-- Foreign Key structure for table [dbo].[act_procdef_info]
-- ----------------------------
ALTER TABLE [dbo].[act_procdef_info] ADD FOREIGN KEY ([INFO_JSON_ID_]) REFERENCES [dbo].[act_ge_bytearray] ([ID_]) ON DELETE NO ACTION ON UPDATE NO ACTION
GO
ALTER TABLE [dbo].[act_procdef_info] ADD FOREIGN KEY ([PROC_DEF_ID_]) REFERENCES [dbo].[act_re_procdef] ([ID_]) ON DELETE NO ACTION ON UPDATE NO ACTION
GO

-- ----------------------------
-- Foreign Key structure for table [dbo].[act_re_model]
-- ----------------------------
ALTER TABLE [dbo].[act_re_model] ADD FOREIGN KEY ([DEPLOYMENT_ID_]) REFERENCES [dbo].[act_re_deployment] ([ID_]) ON DELETE NO ACTION ON UPDATE NO ACTION
GO
ALTER TABLE [dbo].[act_re_model] ADD FOREIGN KEY ([EDITOR_SOURCE_VALUE_ID_]) REFERENCES [dbo].[act_ge_bytearray] ([ID_]) ON DELETE NO ACTION ON UPDATE NO ACTION
GO
ALTER TABLE [dbo].[act_re_model] ADD FOREIGN KEY ([EDITOR_SOURCE_EXTRA_VALUE_ID_]) REFERENCES [dbo].[act_ge_bytearray] ([ID_]) ON DELETE NO ACTION ON UPDATE NO ACTION
GO

-- ----------------------------
-- Foreign Key structure for table [dbo].[act_ru_event_subscr]
-- ----------------------------
ALTER TABLE [dbo].[act_ru_event_subscr] ADD FOREIGN KEY ([EXECUTION_ID_]) REFERENCES [dbo].[act_ru_execution] ([ID_]) ON DELETE NO ACTION ON UPDATE NO ACTION
GO

-- ----------------------------
-- Foreign Key structure for table [dbo].[act_ru_execution]
-- ----------------------------
ALTER TABLE [dbo].[act_ru_execution] ADD FOREIGN KEY ([PARENT_ID_]) REFERENCES [dbo].[act_ru_execution] ([ID_]) ON DELETE NO ACTION ON UPDATE NO ACTION
GO
ALTER TABLE [dbo].[act_ru_execution] ADD FOREIGN KEY ([PROC_DEF_ID_]) REFERENCES [dbo].[act_re_procdef] ([ID_]) ON DELETE NO ACTION ON UPDATE NO ACTION
GO
ALTER TABLE [dbo].[act_ru_execution] ADD FOREIGN KEY ([PROC_INST_ID_]) REFERENCES [dbo].[act_ru_execution] ([ID_]) ON DELETE NO ACTION ON UPDATE NO ACTION
GO
ALTER TABLE [dbo].[act_ru_execution] ADD FOREIGN KEY ([SUPER_EXEC_]) REFERENCES [dbo].[act_ru_execution] ([ID_]) ON DELETE NO ACTION ON UPDATE NO ACTION
GO

-- ----------------------------
-- Foreign Key structure for table [dbo].[act_ru_identitylink]
-- ----------------------------
ALTER TABLE [dbo].[act_ru_identitylink] ADD FOREIGN KEY ([PROC_DEF_ID_]) REFERENCES [dbo].[act_re_procdef] ([ID_]) ON DELETE NO ACTION ON UPDATE NO ACTION
GO
ALTER TABLE [dbo].[act_ru_identitylink] ADD FOREIGN KEY ([PROC_INST_ID_]) REFERENCES [dbo].[act_ru_execution] ([ID_]) ON DELETE NO ACTION ON UPDATE NO ACTION
GO
ALTER TABLE [dbo].[act_ru_identitylink] ADD FOREIGN KEY ([TASK_ID_]) REFERENCES [dbo].[act_ru_task] ([ID_]) ON DELETE NO ACTION ON UPDATE NO ACTION
GO

-- ----------------------------
-- Foreign Key structure for table [dbo].[act_ru_job]
-- ----------------------------
ALTER TABLE [dbo].[act_ru_job] ADD FOREIGN KEY ([EXCEPTION_STACK_ID_]) REFERENCES [dbo].[act_ge_bytearray] ([ID_]) ON DELETE NO ACTION ON UPDATE NO ACTION
GO

-- ----------------------------
-- Foreign Key structure for table [dbo].[act_ru_task]
-- ----------------------------
ALTER TABLE [dbo].[act_ru_task] ADD FOREIGN KEY ([EXECUTION_ID_]) REFERENCES [dbo].[act_ru_execution] ([ID_]) ON DELETE NO ACTION ON UPDATE NO ACTION
GO
ALTER TABLE [dbo].[act_ru_task] ADD FOREIGN KEY ([PROC_DEF_ID_]) REFERENCES [dbo].[act_re_procdef] ([ID_]) ON DELETE NO ACTION ON UPDATE NO ACTION
GO
ALTER TABLE [dbo].[act_ru_task] ADD FOREIGN KEY ([PROC_INST_ID_]) REFERENCES [dbo].[act_ru_execution] ([ID_]) ON DELETE NO ACTION ON UPDATE NO ACTION
GO

-- ----------------------------
-- Foreign Key structure for table [dbo].[act_ru_variable]
-- ----------------------------
ALTER TABLE [dbo].[act_ru_variable] ADD FOREIGN KEY ([BYTEARRAY_ID_]) REFERENCES [dbo].[act_ge_bytearray] ([ID_]) ON DELETE NO ACTION ON UPDATE NO ACTION
GO
ALTER TABLE [dbo].[act_ru_variable] ADD FOREIGN KEY ([EXECUTION_ID_]) REFERENCES [dbo].[act_ru_execution] ([ID_]) ON DELETE NO ACTION ON UPDATE NO ACTION
GO
ALTER TABLE [dbo].[act_ru_variable] ADD FOREIGN KEY ([PROC_INST_ID_]) REFERENCES [dbo].[act_ru_execution] ([ID_]) ON DELETE NO ACTION ON UPDATE NO ACTION
GO
